Episode#,Alpha,Beta,Epsilon,Reward,Time
1,0.1,0.8,0.9,2000,0:00:31
2,0.1,0.8,0.9,-10400,0:01:12
3,0.1,0.8,0.9,-1500,0:01:40
4,0.1,0.8,0.9,-2550,0:02:22
5,0.1,0.8,0.9,-500,0:02:28
6,0.1,0.8,0.89,1950,0:03:01
7,0.1,0.8,0.89,750,0:03:12
8,0.1,0.8,0.89,-1550,0:03:25
9,0.1,0.8,0.89,-1550,0:03:30
10,0.1,0.8,0.89,-250,0:03:39
11,0.1,0.8,0.89,-500,0:03:53
12,0.1,0.8,0.89,-2050,0:04:10
13,0.1,0.8,0.89,-150,0:04:22
14,0.1,0.8,0.89,-1750,0:04:45
15,0.1,0.8,0.89,850,0:04:53
16,0.1,0.8,0.89,800,0:05:03
17,0.1,0.8,0.88,700,0:05:10
18,0.1,0.8,0.88,850,0:05:51
19,0.1,0.8,0.88,2150,0:06:09
20,0.1,0.8,0.88,1050,0:06:24
21,0.1,0.8,0.88,-9150,0:07:05
22,0.1,0.8,0.88,-1300,0:07:40
23,0.1,0.8,0.88,300,0:07:51
24,0.1,0.8,0.88,-950,0:07:54
25,0.1,0.8,0.88,3900,0:08:28
26,0.1,0.8,0.88,200,0:08:38
27,0.1,0.8,0.88,200,0:08:52
28,0.1,0.8,0.88,500,0:09:01
29,0.1,0.8,0.87,-650,0:09:12
30,0.1,0.8,0.87,-350,0:09:53
31,0.1,0.8,0.87,-950,0:09:57
32,0.1,0.8,0.87,-7650,0:10:38
33,0.1,0.8,0.87,-200,0:10:59
34,0.1,0.8,0.87,900,0:11:20
35,0.1,0.8,0.87,550,0:11:28
36,0.1,0.8,0.87,2750,0:11:46
37,0.1,0.8,0.87,100,0:11:53
38,0.1,0.8,0.87,-2450,0:12:16
39,0.1,0.8,0.87,1750,0:12:43
40,0.1,0.8,0.86,4750,0:13:25
41,0.1,0.8,0.86,7000,0:14:06
42,0.1,0.8,0.86,400,0:14:21
43,0.1,0.8,0.86,2750,0:14:59
44,0.1,0.8,0.86,800,0:15:41
45,0.1,0.8,0.86,550,0:15:47
46,0.1,0.8,0.86,400,0:16:05
47,0.1,0.8,0.86,2950,0:16:46
48,0.1,0.8,0.86,3200,0:17:11
49,0.1,0.8,0.86,-6450,0:17:52
50,0.1,0.8,0.86,400,0:18:10
51,0.1,0.8,0.86,700,0:18:25
52,0.1,0.8,0.85,1000,0:18:38
53,0.1,0.8,0.85,2500,0:19:12
54,0.1,0.8,0.85,-350,0:19:53
55,0.1,0.8,0.85,-250,0:20:13
56,0.1,0.8,0.85,100,0:20:23
57,0.1,0.8,0.85,1200,0:20:35
58,0.1,0.8,0.85,800,0:20:49
59,0.1,0.8,0.85,1300,0:21:07
60,0.1,0.8,0.85,550,0:21:14
61,0.1,0.8,0.85,600,0:21:31
62,0.1,0.8,0.85,-100,0:21:36
63,0.1,0.8,0.85,1550,0:21:55
64,0.1,0.8,0.84,50,0:21:59
65,0.1,0.8,0.84,50,0:22:06
66,0.1,0.8,0.84,50,0:22:14
67,0.1,0.8,0.84,1250,0:22:24
68,0.1,0.8,0.84,1150,0:22:46
69,0.1,0.8,0.84,-850,0:22:59
70,0.1,0.8,0.84,800,0:23:07
71,0.1,0.8,0.84,-2050,0:23:26
72,0.1,0.8,0.84,-350,0:24:01
73,0.1,0.8,0.84,-6500,0:24:42
74,0.1,0.8,0.84,4800,0:25:23
75,0.1,0.8,0.83,2100,0:25:39
76,0.1,0.8,0.83,700,0:25:50
77,0.1,0.8,0.83,200,0:25:59
78,0.1,0.8,0.83,650,0:26:12
79,0.1,0.8,0.83,-4900,0:26:53
80,0.1,0.8,0.83,950,0:27:09
81,0.1,0.8,0.83,200,0:27:13
82,0.1,0.8,0.83,-750,0:27:19
83,0.1,0.8,0.83,3200,0:27:46
84,0.1,0.8,0.83,-7400,0:28:25
85,0.1,0.8,0.83,2100,0:28:51
86,0.1,0.8,0.83,-4800,0:29:33
87,0.1,0.8,0.82,300,0:29:46
88,0.1,0.8,0.82,-2200,0:30:09
89,0.1,0.8,0.82,-4300,0:30:51
90,0.1,0.8,0.82,-1750,0:31:32
91,0.1,0.8,0.82,3000,0:32:12
92,0.1,0.8,0.82,3550,0:32:42
93,0.1,0.8,0.82,-1750,0:33:23
94,0.1,0.8,0.82,250,0:33:43
95,0.1,0.8,0.82,650,0:33:50
96,0.1,0.8,0.82,-11550,0:34:32
97,0.1,0.8,0.82,3050,0:35:13
98,0.1,0.8,0.82,3250,0:35:54
99,0.1,0.8,0.82,-100,0:35:59
100,0.1,0.8,0.81,-3850,0:36:28
101,0.1,0.8,0.81,400,0:36:40
102,0.1,0.8,0.81,-10700,0:37:21
103,0.1,0.8,0.81,1600,0:37:38
104,0.1,0.8,0.81,850,0:38:10
105,0.1,0.8,0.81,100,0:38:21
106,0.1,0.8,0.81,-1250,0:38:24
107,0.1,0.8,0.81,2300,0:38:39
108,0.1,0.8,0.81,800,0:39:20
109,0.1,0.8,0.81,550,0:39:29
110,0.1,0.8,0.81,-7050,0:40:07
111,0.1,0.8,0.81,-4800,0:40:47
112,0.1,0.8,0.8,-150,0:40:51
113,0.1,0.8,0.8,1150,0:41:32
114,0.1,0.8,0.8,2800,0:42:14
115,0.1,0.8,0.8,-150,0:42:20
116,0.1,0.8,0.8,150,0:42:54
117,0.1,0.8,0.8,1100,0:43:35
118,0.1,0.8,0.8,-2500,0:44:16
119,0.1,0.8,0.8,-4300,0:44:53
120,0.1,0.8,0.8,900,0:45:06
121,0.1,0.8,0.8,-7950,0:45:40
122,0.1,0.8,0.8,2300,0:46:02
123,0.1,0.8,0.8,-1650,0:46:12
124,0.1,0.8,0.79,400,0:46:29
125,0.1,0.8,0.79,1250,0:46:39
126,0.1,0.8,0.79,-1000,0:47:21
127,0.1,0.8,0.79,-250,0:47:26
128,0.1,0.8,0.79,-550,0:47:42
129,0.1,0.8,0.79,-350,0:47:50
130,0.1,0.8,0.79,2700,0:48:12
131,0.1,0.8,0.79,3100,0:48:35
132,0.1,0.8,0.79,700,0:48:50
133,0.1,0.8,0.79,-2350,0:49:03
134,0.1,0.8,0.79,500,0:49:14
135,0.1,0.8,0.79,-50,0:49:21
136,0.1,0.8,0.79,1900,0:49:41
137,0.1,0.8,0.78,-1950,0:50:04
138,0.1,0.8,0.78,-4950,0:50:29
139,0.1,0.8,0.78,250,0:50:50
140,0.1,0.8,0.78,450,0:51:01
141,0.1,0.8,0.78,3500,0:51:42
142,0.1,0.8,0.78,-550,0:52:23
143,0.1,0.8,0.78,-1150,0:52:50
144,0.1,0.8,0.78,2800,0:53:19
145,0.1,0.8,0.78,-2600,0:53:47
146,0.1,0.8,0.78,-5100,0:54:22
147,0.1,0.8,0.78,-500,0:54:27
148,0.1,0.8,0.78,-700,0:54:31
149,0.1,0.8,0.78,550,0:55:05
150,0.1,0.8,0.77,-5750,0:55:29
151,0.1,0.8,0.77,1450,0:55:39
152,0.1,0.8,0.77,900,0:56:00
153,0.1,0.8,0.77,-5500,0:56:28
154,0.1,0.8,0.77,100,0:56:33
155,0.1,0.8,0.77,-150,0:56:38
156,0.1,0.8,0.77,1700,0:56:54
157,0.1,0.8,0.77,3300,0:57:36
158,0.1,0.8,0.77,600,0:57:44
159,0.1,0.8,0.77,1300,0:58:16
160,0.1,0.8,0.77,800,0:58:27
161,0.1,0.8,0.77,-2850,0:58:43
162,0.1,0.8,0.77,-9300,0:59:24
163,0.1,0.8,0.76,4150,0:59:49
164,0.1,0.8,0.76,1800,1:00:19
165,0.1,0.8,0.76,3100,1:00:58
166,0.1,0.8,0.76,-550,1:01:21
167,0.1,0.8,0.76,-5050,1:01:53
168,0.1,0.8,0.76,3700,1:02:28
169,0.1,0.8,0.76,-750,1:02:41
170,0.1,0.8,0.76,-2850,1:03:07
171,0.1,0.8,0.76,1250,1:03:29
172,0.1,0.8,0.76,-4950,1:04:04
173,0.1,0.8,0.76,-4100,1:04:45
174,0.1,0.8,0.76,450,1:05:01
175,0.1,0.8,0.76,-900,1:05:06
176,0.1,0.8,0.75,2450,1:05:32
177,0.1,0.8,0.75,-200,1:05:36
178,0.1,0.8,0.75,2450,1:05:56
179,0.1,0.8,0.75,-6550,1:06:28
180,0.1,0.8,0.75,-100,1:06:46
181,0.1,0.8,0.75,1100,1:07:27
182,0.1,0.8,0.75,1600,1:07:54
183,0.1,0.8,0.75,-3850,1:08:08
184,0.1,0.8,0.75,1650,1:08:22
185,0.1,0.8,0.75,2850,1:09:03
186,0.1,0.8,0.75,-5300,1:09:44
187,0.1,0.8,0.75,3750,1:10:26
188,0.1,0.8,0.75,-4400,1:11:07
189,0.1,0.8,0.74,-100,1:11:15
190,0.1,0.8,0.74,-150,1:11:21
191,0.1,0.8,0.74,0,1:12:03
192,0.1,0.8,0.74,4400,1:12:45
193,0.1,0.8,0.74,850,1:12:55
194,0.1,0.8,0.74,3400,1:13:34
195,0.1,0.8,0.74,450,1:13:42
196,0.1,0.8,0.74,-2050,1:14:19
197,0.1,0.8,0.74,-100,1:14:47
198,0.1,0.8,0.74,-1500,1:14:51
199,0.1,0.8,0.74,3850,1:15:21
200,0.1,0.8,0.74,-1150,1:15:36
201,0.1,0.8,0.74,-3650,1:15:59
202,0.1,0.8,0.74,700,1:16:22
203,0.1,0.8,0.73,-7350,1:17:03
204,0.1,0.8,0.73,-6400,1:17:45
205,0.1,0.8,0.73,1900,1:18:23
206,0.1,0.8,0.73,-800,1:19:04
207,0.1,0.8,0.73,-10450,1:19:46
208,0.1,0.8,0.73,0,1:20:09
209,0.1,0.8,0.73,-4600,1:20:50
210,0.1,0.8,0.73,-1150,1:21:04
211,0.1,0.8,0.73,-3000,1:21:46
212,0.1,0.8,0.73,-6150,1:22:27
213,0.1,0.8,0.73,1400,1:22:37
214,0.1,0.8,0.73,-250,1:22:50
215,0.1,0.8,0.73,2150,1:23:31
216,0.1,0.8,0.73,3450,1:24:12
217,0.1,0.8,0.72,2300,1:24:46
218,0.1,0.8,0.72,4000,1:25:27
219,0.1,0.8,0.72,3600,1:25:54
220,0.1,0.8,0.72,-700,1:26:04
221,0.1,0.8,0.72,-1000,1:26:45
222,0.1,0.8,0.72,-700,1:26:50
223,0.1,0.8,0.72,-2550,1:27:27
224,0.1,0.8,0.72,2050,1:27:49
225,0.1,0.8,0.72,250,1:28:07
226,0.1,0.8,0.72,-850,1:28:39
227,0.1,0.8,0.72,-200,1:28:47
228,0.1,0.8,0.72,1450,1:29:02
229,0.1,0.8,0.72,1750,1:29:25
230,0.1,0.8,0.71,350,1:30:00
231,0.1,0.8,0.71,-650,1:30:07
232,0.1,0.8,0.71,500,1:30:48
233,0.1,0.8,0.71,-4050,1:31:11
234,0.1,0.8,0.71,-450,1:31:52
235,0.1,0.8,0.71,1450,1:32:11
236,0.1,0.8,0.71,850,1:32:27
237,0.1,0.8,0.71,4600,1:33:08
238,0.1,0.8,0.71,-6150,1:33:50
239,0.1,0.8,0.71,50,1:34:31
240,0.1,0.8,0.71,-550,1:34:45
241,0.1,0.8,0.71,400,1:34:56
242,0.1,0.8,0.71,2850,1:35:24
243,0.1,0.8,0.71,3150,1:35:50
244,0.1,0.8,0.71,1050,1:36:15
245,0.1,0.8,0.7,-3950,1:36:56
246,0.1,0.8,0.7,1050,1:37:38
247,0.1,0.8,0.7,-7850,1:38:19
248,0.1,0.8,0.7,-800,1:38:27
249,0.1,0.8,0.7,-2550,1:39:08
250,0.1,0.8,0.7,4400,1:39:49
251,0.1,0.8,0.7,850,1:40:04
252,0.1,0.8,0.7,1700,1:40:23
253,0.1,0.8,0.7,3150,1:40:56
254,0.1,0.8,0.7,800,1:41:03
255,0.1,0.8,0.7,-1050,1:41:24
256,0.1,0.8,0.7,400,1:42:05
257,0.1,0.8,0.7,200,1:42:12
258,0.1,0.8,0.7,-4700,1:42:54
259,0.1,0.8,0.69,1850,1:43:17
260,0.1,0.8,0.69,-450,1:43:27
261,0.1,0.8,0.69,150,1:43:38
262,0.1,0.8,0.69,-3050,1:44:13
263,0.1,0.8,0.69,-11900,1:44:54
264,0.1,0.8,0.69,-250,1:45:35
265,0.1,0.8,0.69,-350,1:45:51
266,0.1,0.8,0.69,400,1:45:59
267,0.1,0.8,0.69,700,1:46:08
268,0.1,0.8,0.69,1650,1:46:20
269,0.1,0.8,0.69,-100,1:46:27
270,0.1,0.8,0.69,2050,1:46:47
271,0.1,0.8,0.69,-1700,1:47:08
272,0.1,0.8,0.69,4650,1:47:46
273,0.1,0.8,0.68,-6800,1:48:27
274,0.1,0.8,0.68,550,1:48:36
275,0.1,0.8,0.68,-1550,1:49:05
276,0.1,0.8,0.68,-6300,1:49:34
277,0.1,0.8,0.68,-3350,1:50:10
278,0.1,0.8,0.68,400,1:50:16
279,0.1,0.8,0.68,100,1:50:21
280,0.1,0.8,0.68,-1100,1:50:29
281,0.1,0.8,0.68,-3500,1:50:48
282,0.1,0.8,0.68,400,1:51:30
283,0.1,0.8,0.68,450,1:51:41
284,0.1,0.8,0.68,1200,1:51:50
285,0.1,0.8,0.68,300,1:52:12
286,0.1,0.8,0.68,3350,1:52:43
287,0.1,0.8,0.68,3450,1:53:24
288,0.1,0.8,0.67,1400,1:53:41
289,0.1,0.8,0.67,3700,1:54:22
290,0.1,0.8,0.67,400,1:54:35
291,0.1,0.8,0.67,-8400,1:55:16
292,0.1,0.8,0.67,-600,1:55:26
293,0.1,0.8,0.67,-550,1:55:32
294,0.1,0.8,0.67,1650,1:55:43
295,0.1,0.8,0.67,-5000,1:56:18
296,0.1,0.8,0.67,250,1:57:00
297,0.1,0.8,0.67,2250,1:57:41
298,0.1,0.8,0.67,3800,1:58:22
299,0.1,0.8,0.67,-700,1:58:41
300,0.1,0.8,0.67,1050,1:58:55
301,0.1,0.8,0.67,-4550,1:59:34
302,0.1,0.8,0.67,-700,1:59:45
303,0.1,0.8,0.66,-50,1:59:50
304,0.1,0.8,0.66,-3300,2:00:16
305,0.1,0.8,0.66,-4200,2:00:38
306,0.1,0.8,0.66,2200,2:01:16
307,0.1,0.8,0.66,450,2:01:28
308,0.1,0.8,0.66,-5700,2:02:08
309,0.1,0.8,0.66,500,2:02:17
310,0.1,0.8,0.66,550,2:02:23
311,0.1,0.8,0.66,-4600,2:03:05
312,0.1,0.8,0.66,-3600,2:03:46
313,0.1,0.8,0.66,900,2:04:25
314,0.1,0.8,0.66,1300,2:04:47
315,0.1,0.8,0.66,-50,2:04:52
316,0.1,0.8,0.66,-300,2:05:20
317,0.1,0.8,0.66,2400,2:05:56
318,0.1,0.8,0.65,150,2:06:00
319,0.1,0.8,0.65,3350,2:06:32
320,0.1,0.8,0.65,400,2:06:48
321,0.1,0.8,0.65,1700,2:07:16
322,0.1,0.8,0.65,3050,2:07:55
323,0.1,0.8,0.65,450,2:08:03
324,0.1,0.8,0.65,-350,2:08:43
325,0.1,0.8,0.65,4900,2:09:24
326,0.1,0.8,0.65,-800,2:09:40
327,0.1,0.8,0.65,1900,2:10:01
328,0.1,0.8,0.65,1050,2:10:27
329,0.1,0.8,0.65,800,2:10:46
330,0.1,0.8,0.65,-550,2:10:52
331,0.1,0.8,0.65,3400,2:11:33
332,0.1,0.8,0.65,-8450,2:12:10
333,0.1,0.8,0.64,-6800,2:12:36
334,0.1,0.8,0.64,2650,2:12:50
335,0.1,0.8,0.64,-5250,2:13:31
336,0.1,0.8,0.64,3550,2:14:05
337,0.1,0.8,0.64,-900,2:14:08
338,0.1,0.8,0.64,250,2:14:35
339,0.1,0.8,0.64,150,2:14:46
340,0.1,0.8,0.64,1650,2:15:09
341,0.1,0.8,0.64,4200,2:15:45
342,0.1,0.8,0.64,-450,2:16:11
343,0.1,0.8,0.64,150,2:16:16
344,0.1,0.8,0.64,2900,2:16:42
345,0.1,0.8,0.64,-6200,2:17:07
346,0.1,0.8,0.64,50,2:17:13
347,0.1,0.8,0.64,1300,2:17:25
348,0.1,0.8,0.64,950,2:17:57
349,0.1,0.8,0.63,1250,2:18:21
350,0.1,0.8,0.63,500,2:18:27
351,0.1,0.8,0.63,4450,2:19:09
352,0.1,0.8,0.63,550,2:19:36
353,0.1,0.8,0.63,50,2:19:41
354,0.1,0.8,0.63,2050,2:20:01
355,0.1,0.8,0.63,1500,2:20:16
356,0.1,0.8,0.63,300,2:20:25
357,0.1,0.8,0.63,550,2:20:39
358,0.1,0.8,0.63,3850,2:21:00
359,0.1,0.8,0.63,-3500,2:21:36
360,0.1,0.8,0.63,-550,2:21:49
361,0.1,0.8,0.63,900,2:22:12
362,0.1,0.8,0.63,-10850,2:22:53
363,0.1,0.8,0.63,-8600,2:23:34
364,0.1,0.8,0.63,300,2:23:40
365,0.1,0.8,0.62,-5350,2:24:13
366,0.1,0.8,0.62,2050,2:24:54
367,0.1,0.8,0.62,2850,2:25:14
368,0.1,0.8,0.62,3050,2:25:40
369,0.1,0.8,0.62,-800,2:25:50
370,0.1,0.8,0.62,-1500,2:26:00
371,0.1,0.8,0.62,1350,2:26:37
372,0.1,0.8,0.62,900,2:27:01
373,0.1,0.8,0.62,-200,2:27:09
374,0.1,0.8,0.62,1850,2:27:22
375,0.1,0.8,0.62,1550,2:27:36
376,0.1,0.8,0.62,300,2:27:56
377,0.1,0.8,0.62,600,2:28:15
378,0.1,0.8,0.62,1750,2:28:27
379,0.1,0.8,0.62,-400,2:28:57
380,0.1,0.8,0.62,-5800,2:29:23
381,0.1,0.8,0.61,800,2:29:33
382,0.1,0.8,0.61,3050,2:30:15
383,0.1,0.8,0.61,3550,2:30:56
384,0.1,0.8,0.61,1650,2:31:17
385,0.1,0.8,0.61,1250,2:31:53
386,0.1,0.8,0.61,-550,2:32:01
387,0.1,0.8,0.61,2750,2:32:43
388,0.1,0.8,0.61,4650,2:33:24
389,0.1,0.8,0.61,1300,2:34:06
390,0.1,0.8,0.61,-850,2:34:14
391,0.1,0.8,0.61,1100,2:34:49
392,0.1,0.8,0.61,1800,2:35:15
393,0.1,0.8,0.61,-700,2:35:39
394,0.1,0.8,0.61,-6550,2:36:20
395,0.1,0.8,0.61,2700,2:36:41
396,0.1,0.8,0.61,1100,2:36:53
397,0.1,0.8,0.6,-250,2:37:01
398,0.1,0.8,0.6,-550,2:37:35
399,0.1,0.8,0.6,-7000,2:38:16
400,0.1,0.8,0.6,1000,2:38:57
401,0.1,0.8,0.6,-300,2:39:04
402,0.1,0.8,0.6,-7900,2:39:45
403,0.1,0.8,0.6,-8950,2:40:26
404,0.1,0.8,0.6,2300,2:40:50
405,0.1,0.8,0.6,-900,2:41:01
406,0.1,0.8,0.6,100,2:41:05
407,0.1,0.8,0.6,1350,2:41:15
408,0.1,0.8,0.6,4250,2:41:48
409,0.1,0.8,0.6,100,2:41:55
410,0.1,0.8,0.6,-1650,2:42:30
411,0.1,0.8,0.6,4950,2:43:12
412,0.1,0.8,0.6,200,2:43:23
413,0.1,0.8,0.6,1950,2:43:43
414,0.1,0.8,0.59,-300,2:44:18
415,0.1,0.8,0.59,1150,2:44:25
416,0.1,0.8,0.59,-2000,2:45:06
417,0.1,0.8,0.59,1200,2:45:27
418,0.1,0.8,0.59,1650,2:45:41
419,0.1,0.8,0.59,3800,2:46:22
420,0.1,0.8,0.59,900,2:46:40
421,0.1,0.8,0.59,-300,2:46:45
422,0.1,0.8,0.59,-300,2:46:50
423,0.1,0.8,0.59,-5150,2:47:31
424,0.1,0.8,0.59,-10200,2:48:13
425,0.1,0.8,0.59,-650,2:48:20
426,0.1,0.8,0.59,1800,2:48:40
427,0.1,0.8,0.59,300,2:48:56
428,0.1,0.8,0.59,2350,2:49:36
429,0.1,0.8,0.59,50,2:49:47
430,0.1,0.8,0.59,-3500,2:50:07
431,0.1,0.8,0.58,4850,2:50:48
432,0.1,0.8,0.58,100,2:51:07
433,0.1,0.8,0.58,1000,2:51:22
434,0.1,0.8,0.58,3400,2:51:59
435,0.1,0.8,0.58,-300,2:52:12
436,0.1,0.8,0.58,-7400,2:52:51
437,0.1,0.8,0.58,-950,2:52:55
438,0.1,0.8,0.58,3500,2:53:28
439,0.1,0.8,0.58,350,2:53:33
440,0.1,0.8,0.58,-500,2:53:41
441,0.1,0.8,0.58,0,2:53:46
442,0.1,0.8,0.58,2850,2:54:27
443,0.1,0.8,0.58,850,2:55:04
444,0.1,0.8,0.58,1950,2:55:29
445,0.1,0.8,0.58,3450,2:56:10
446,0.1,0.8,0.58,-8050,2:56:50
447,0.1,0.8,0.58,650,2:57:15
448,0.1,0.8,0.57,-1500,2:57:34
449,0.1,0.8,0.57,600,2:57:56
450,0.1,0.8,0.57,2350,2:58:22
451,0.1,0.8,0.57,0,2:58:35
452,0.1,0.8,0.57,4800,2:59:16
453,0.1,0.8,0.57,3500,2:59:57
454,0.1,0.8,0.57,1350,3:00:12
455,0.1,0.8,0.57,1000,3:00:22
456,0.1,0.8,0.57,1850,3:01:03
457,0.1,0.8,0.57,-8650,3:01:39
458,0.1,0.8,0.57,-1950,3:02:04
459,0.1,0.8,0.57,700,3:02:13
460,0.1,0.8,0.57,3400,3:02:39
461,0.1,0.8,0.57,-7900,3:03:20
462,0.1,0.8,0.57,-100,3:03:31
463,0.1,0.8,0.57,-1150,3:03:39
464,0.1,0.8,0.57,-9000,3:04:20
465,0.1,0.8,0.57,800,3:04:31
466,0.1,0.8,0.56,3150,3:04:57
467,0.1,0.8,0.56,450,3:05:07
468,0.1,0.8,0.56,-1200,3:05:11
469,0.1,0.8,0.56,1200,3:05:52
470,0.1,0.8,0.56,0,3:05:58
471,0.1,0.8,0.56,-550,3:06:02
472,0.1,0.8,0.56,-700,3:06:22
473,0.1,0.8,0.56,6250,3:07:03
474,0.1,0.8,0.56,450,3:07:37
475,0.1,0.8,0.56,-550,3:07:45
476,0.1,0.8,0.56,-5600,3:08:13
477,0.1,0.8,0.56,3600,3:08:55
478,0.1,0.8,0.56,3800,3:09:36
479,0.1,0.8,0.56,-3200,3:09:54
480,0.1,0.8,0.56,-4100,3:10:36
481,0.1,0.8,0.56,-5950,3:11:17
482,0.1,0.8,0.56,-1650,3:11:56
483,0.1,0.8,0.56,-650,3:12:25
484,0.1,0.8,0.55,3950,3:12:49
485,0.1,0.8,0.55,-200,3:13:03
486,0.1,0.8,0.55,1850,3:13:21
487,0.1,0.8,0.55,950,3:13:30
488,0.1,0.8,0.55,2100,3:13:57
489,0.1,0.8,0.55,350,3:14:16
490,0.1,0.8,0.55,1300,3:14:27
491,0.1,0.8,0.55,-4400,3:15:08
492,0.1,0.8,0.55,950,3:15:18
493,0.1,0.8,0.55,-50,3:15:28
494,0.1,0.8,0.55,650,3:15:40
495,0.1,0.8,0.55,50,3:16:21
496,0.1,0.8,0.55,3650,3:17:02
497,0.1,0.8,0.55,-400,3:17:09
498,0.1,0.8,0.55,1250,3:17:32
499,0.1,0.8,0.55,450,3:17:46
500,0.1,0.8,0.55,2150,3:18:25
501,0.1,0.8,0.55,-700,3:18:32
502,0.1,0.8,0.54,-4200,3:19:09
503,0.1,0.8,0.54,-1000,3:19:13
504,0.1,0.8,0.54,200,3:19:20
505,0.1,0.8,0.54,-2500,3:19:50
506,0.1,0.8,0.54,-550,3:19:56
507,0.1,0.8,0.54,-12700,3:20:37
508,0.1,0.8,0.54,-450,3:21:19
509,0.1,0.8,0.54,-10650,3:22:00
510,0.1,0.8,0.54,-600,3:22:04
511,0.1,0.8,0.54,-1150,3:22:45
512,0.1,0.8,0.54,3150,3:23:25
513,0.1,0.8,0.54,700,3:23:39
514,0.1,0.8,0.54,-1000,3:24:20
515,0.1,0.8,0.54,-6250,3:25:01
516,0.1,0.8,0.54,800,3:25:35
517,0.1,0.8,0.54,900,3:25:56
518,0.1,0.8,0.54,-1100,3:26:07
519,0.1,0.8,0.54,3750,3:26:49
520,0.1,0.8,0.53,-5950,3:27:28
521,0.1,0.8,0.53,2000,3:27:59
522,0.1,0.8,0.53,4100,3:28:41
523,0.1,0.8,0.53,450,3:28:46
524,0.1,0.8,0.53,200,3:28:52
525,0.1,0.8,0.53,650,3:29:00
526,0.1,0.8,0.53,5950,3:29:41
527,0.1,0.8,0.53,150,3:29:46
528,0.1,0.8,0.53,2700,3:29:59
529,0.1,0.8,0.53,2650,3:30:41
530,0.1,0.8,0.53,-350,3:30:46
531,0.1,0.8,0.53,2250,3:31:02
532,0.1,0.8,0.53,1700,3:31:14
533,0.1,0.8,0.53,450,3:31:25
534,0.1,0.8,0.53,850,3:31:40
535,0.1,0.8,0.53,-800,3:32:04
536,0.1,0.8,0.53,2250,3:32:41
537,0.1,0.8,0.53,-2450,3:33:22
538,0.1,0.8,0.53,-4000,3:34:04
539,0.1,0.8,0.52,750,3:34:35
540,0.1,0.8,0.52,-2500,3:35:17
541,0.1,0.8,0.52,200,3:35:22
542,0.1,0.8,0.52,400,3:35:39
543,0.1,0.8,0.52,0,3:35:46
544,0.1,0.8,0.52,-6100,3:36:17
545,0.1,0.8,0.52,650,3:36:28
546,0.1,0.8,0.52,-150,3:36:34
547,0.1,0.8,0.52,-200,3:36:38
548,0.1,0.8,0.52,600,3:36:58
549,0.1,0.8,0.52,50,3:37:05
550,0.1,0.8,0.52,700,3:37:17
551,0.1,0.8,0.52,-7800,3:37:50
552,0.1,0.8,0.52,-2200,3:38:31
553,0.1,0.8,0.52,0,3:38:43
554,0.1,0.8,0.52,-850,3:39:00
555,0.1,0.8,0.52,2500,3:39:42
556,0.1,0.8,0.52,-1200,3:40:03
557,0.1,0.8,0.52,1500,3:40:29
558,0.1,0.8,0.51,2200,3:40:50
559,0.1,0.8,0.51,4150,3:41:31
560,0.1,0.8,0.51,2200,3:41:51
561,0.1,0.8,0.51,-6750,3:42:21
562,0.1,0.8,0.51,1750,3:42:42
563,0.1,0.8,0.51,1600,3:42:59
564,0.1,0.8,0.51,250,3:43:05
565,0.1,0.8,0.51,-9250,3:43:47
566,0.1,0.8,0.51,4300,3:44:28
567,0.1,0.8,0.51,-300,3:44:47
568,0.1,0.8,0.51,950,3:44:58
569,0.1,0.8,0.51,1350,3:45:20
570,0.1,0.8,0.51,-6800,3:46:01
571,0.1,0.8,0.51,2450,3:46:39
572,0.1,0.8,0.51,100,3:46:51
573,0.1,0.8,0.51,1350,3:47:05
574,0.1,0.8,0.51,1250,3:47:39
575,0.1,0.8,0.51,1150,3:47:53
576,0.1,0.8,0.51,1200,3:48:23
577,0.1,0.8,0.51,2400,3:48:56
578,0.1,0.8,0.5,-800,3:48:59
579,0.1,0.8,0.5,-1000,3:49:03
580,0.1,0.8,0.5,950,3:49:27
581,0.1,0.8,0.5,-1200,3:50:03
582,0.1,0.8,0.5,3100,3:50:31
583,0.1,0.8,0.5,2900,3:51:02
584,0.1,0.8,0.5,900,3:51:21
585,0.1,0.8,0.5,1750,3:51:46
586,0.1,0.8,0.5,5200,3:52:27
587,0.1,0.8,0.5,2000,3:53:08
588,0.1,0.8,0.5,-200,3:53:13
589,0.1,0.8,0.5,800,3:53:22
590,0.1,0.8,0.5,4950,3:54:03
591,0.1,0.8,0.5,3000,3:54:44
592,0.1,0.8,0.5,-2250,3:55:02
593,0.1,0.8,0.5,-2700,3:55:42
594,0.1,0.8,0.5,450,3:55:47
595,0.1,0.8,0.5,-100,3:56:06
596,0.1,0.8,0.5,5450,3:56:48
597,0.1,0.8,0.5,4600,3:57:29
598,0.1,0.8,0.49,250,3:57:41
599,0.1,0.8,0.49,-2900,3:58:18
600,0.1,0.8,0.49,150,3:58:24
601,0.1,0.8,0.49,-1200,3:58:28
602,0.1,0.8,0.49,1150,3:58:45
603,0.1,0.8,0.49,1950,3:58:58
604,0.1,0.8,0.49,-200,3:59:21
605,0.1,0.8,0.49,-400,3:59:45
606,0.1,0.8,0.49,850,3:59:54
607,0.1,0.8,0.49,500,4:00:14
608,0.1,0.8,0.49,-350,4:00:22
609,0.1,0.8,0.49,1600,4:00:34
610,0.1,0.8,0.49,-1250,4:00:48
611,0.1,0.8,0.49,3800,4:01:25
612,0.1,0.8,0.49,800,4:01:37
613,0.1,0.8,0.49,-2650,4:02:02
614,0.1,0.8,0.49,-150,4:02:33
615,0.1,0.8,0.49,850,4:02:48
616,0.1,0.8,0.49,-8900,4:03:29
617,0.1,0.8,0.49,200,4:03:38
618,0.1,0.8,0.48,50,4:03:42
619,0.1,0.8,0.48,200,4:03:51
620,0.1,0.8,0.48,-400,4:04:13
621,0.1,0.8,0.48,4150,4:04:54
622,0.1,0.8,0.48,1150,4:05:16
623,0.1,0.8,0.48,-300,4:05:24
624,0.1,0.8,0.48,50,4:05:29
625,0.1,0.8,0.48,500,4:05:34
626,0.1,0.8,0.48,-1200,4:05:54
627,0.1,0.8,0.48,150,4:06:01
628,0.1,0.8,0.48,200,4:06:10
629,0.1,0.8,0.48,1200,4:06:31
630,0.1,0.8,0.48,3200,4:06:54
631,0.1,0.8,0.48,3550,4:07:26
632,0.1,0.8,0.48,-650,4:07:30
633,0.1,0.8,0.48,-6550,4:08:11
634,0.1,0.8,0.48,150,4:08:16
635,0.1,0.8,0.48,1200,4:08:48
636,0.1,0.8,0.48,100,4:09:29
637,0.1,0.8,0.48,1600,4:09:45
638,0.1,0.8,0.48,-700,4:10:09
639,0.1,0.8,0.47,150,4:10:20
640,0.1,0.8,0.47,4800,4:11:02
641,0.1,0.8,0.47,2700,4:11:43
642,0.1,0.8,0.47,5700,4:12:24
643,0.1,0.8,0.47,-300,4:12:30
644,0.1,0.8,0.47,800,4:12:47
645,0.1,0.8,0.47,350,4:12:56
646,0.1,0.8,0.47,-250,4:13:04
647,0.1,0.8,0.47,0,4:13:08
648,0.1,0.8,0.47,1000,4:13:49
649,0.1,0.8,0.47,1100,4:14:31
650,0.1,0.8,0.47,-650,4:14:37
651,0.1,0.8,0.47,-2450,4:15:00
652,0.1,0.8,0.47,200,4:15:27
653,0.1,0.8,0.47,650,4:16:08
654,0.1,0.8,0.47,-1200,4:16:50
655,0.1,0.8,0.47,-11050,4:17:31
656,0.1,0.8,0.47,-4600,4:18:04
657,0.1,0.8,0.47,350,4:18:13
658,0.1,0.8,0.47,350,4:18:24
659,0.1,0.8,0.47,3550,4:19:05
660,0.1,0.8,0.47,-1550,4:19:14
661,0.1,0.8,0.46,-5750,4:19:55
662,0.1,0.8,0.46,2250,4:20:37
663,0.1,0.8,0.46,-350,4:20:43
664,0.1,0.8,0.46,-750,4:20:50
665,0.1,0.8,0.46,-1050,4:20:59
666,0.1,0.8,0.46,50,4:21:07
667,0.1,0.8,0.46,-850,4:21:21
668,0.1,0.8,0.46,2450,4:21:43
669,0.1,0.8,0.46,-1000,4:21:57
670,0.1,0.8,0.46,1250,4:22:28
671,0.1,0.8,0.46,400,4:22:53
672,0.1,0.8,0.46,2500,4:23:34
673,0.1,0.8,0.46,-100,4:23:54
674,0.1,0.8,0.46,450,4:24:27
675,0.1,0.8,0.46,450,4:24:43
676,0.1,0.8,0.46,100,4:25:00
677,0.1,0.8,0.46,950,4:25:29
678,0.1,0.8,0.46,300,4:25:57
679,0.1,0.8,0.46,-7550,4:26:38
680,0.1,0.8,0.46,650,4:26:53
681,0.1,0.8,0.46,-1100,4:26:57
682,0.1,0.8,0.45,3200,4:27:28
683,0.1,0.8,0.45,0,4:27:40
684,0.1,0.8,0.45,950,4:27:54
685,0.1,0.8,0.45,-450,4:28:02
686,0.1,0.8,0.45,5700,4:28:44
687,0.1,0.8,0.45,-500,4:28:49
688,0.1,0.8,0.45,-400,4:29:05
689,0.1,0.8,0.45,-3650,4:29:47
690,0.1,0.8,0.45,250,4:29:56
691,0.1,0.8,0.45,200,4:30:22
692,0.1,0.8,0.45,1300,4:30:42
693,0.1,0.8,0.45,150,4:30:54
694,0.1,0.8,0.45,250,4:31:00
695,0.1,0.8,0.45,250,4:31:07
696,0.1,0.8,0.45,4650,4:31:48
697,0.1,0.8,0.45,-2650,4:32:18
698,0.1,0.8,0.45,-5700,4:32:53
699,0.1,0.8,0.45,2250,4:33:15
700,0.1,0.8,0.45,5100,4:33:56
701,0.1,0.8,0.45,2050,4:34:17
702,0.1,0.8,0.45,4950,4:34:58
703,0.1,0.8,0.45,1200,4:35:11
704,0.1,0.8,0.44,0,4:35:36
705,0.1,0.8,0.44,1600,4:35:56
706,0.1,0.8,0.44,1350,4:36:23
707,0.1,0.8,0.44,-7300,4:37:05
708,0.1,0.8,0.44,1000,4:37:20
709,0.1,0.8,0.44,-350,4:37:26
710,0.1,0.8,0.44,-700,4:37:33
711,0.1,0.8,0.44,5350,4:38:14
712,0.1,0.8,0.44,-500,4:38:24
713,0.1,0.8,0.44,-3800,4:39:05
714,0.1,0.8,0.44,1050,4:39:33
715,0.1,0.8,0.44,-600,4:39:38
716,0.1,0.8,0.44,600,4:39:47
717,0.1,0.8,0.44,1900,4:40:28
718,0.1,0.8,0.44,2750,4:40:57
719,0.1,0.8,0.44,-2550,4:41:33
720,0.1,0.8,0.44,2050,4:41:51
721,0.1,0.8,0.44,250,4:41:56
722,0.1,0.8,0.44,400,4:42:08
723,0.1,0.8,0.44,-100,4:42:18
724,0.1,0.8,0.44,-100,4:42:21
725,0.1,0.8,0.44,1350,4:42:35
726,0.1,0.8,0.44,3200,4:43:16
727,0.1,0.8,0.43,2150,4:43:58
728,0.1,0.8,0.43,250,4:44:16
729,0.1,0.8,0.43,-8650,4:44:59
730,0.1,0.8,0.43,650,4:45:31
731,0.1,0.8,0.43,-1550,4:46:02
732,0.1,0.8,0.43,1450,4:46:22
733,0.1,0.8,0.43,-3600,4:47:04
734,0.1,0.8,0.43,-50,4:47:47
735,0.1,0.8,0.43,250,4:47:55
736,0.1,0.8,0.43,3800,4:48:39
737,0.1,0.8,0.43,1400,4:49:21
738,0.1,0.8,0.43,-550,4:49:26
739,0.1,0.8,0.43,2550,4:50:04
740,0.1,0.8,0.43,1050,4:50:46
741,0.1,0.8,0.43,-1550,4:51:27
742,0.1,0.8,0.43,-2750,4:52:09
743,0.1,0.8,0.43,3750,4:52:37
744,0.1,0.8,0.43,2950,4:53:01
745,0.1,0.8,0.43,-600,4:53:14
746,0.1,0.8,0.43,3400,4:53:35
747,0.1,0.8,0.43,3250,4:54:01
748,0.1,0.8,0.43,5350,4:54:43
749,0.1,0.8,0.43,-2500,4:54:57
750,0.1,0.8,0.42,5050,4:55:40
751,0.1,0.8,0.42,350,4:55:53
752,0.1,0.8,0.42,6900,4:56:34
753,0.1,0.8,0.42,-8100,4:57:17
754,0.1,0.8,0.42,2100,4:57:59
755,0.1,0.8,0.42,850,4:58:25
756,0.1,0.8,0.42,-8100,4:59:07
757,0.1,0.8,0.42,-6050,4:59:49
758,0.1,0.8,0.42,-1400,5:00:11
759,0.1,0.8,0.42,0,5:00:16
760,0.1,0.8,0.42,5400,5:00:59
761,0.1,0.8,0.42,-1650,5:01:05
762,0.1,0.8,0.42,3900,5:01:47
763,0.1,0.8,0.42,950,5:02:02
764,0.1,0.8,0.42,1450,5:02:45
765,0.1,0.8,0.42,6050,5:03:27
766,0.1,0.8,0.42,-700,5:03:36
767,0.1,0.8,0.42,800,5:04:18
768,0.1,0.8,0.42,4900,5:05:01
769,0.1,0.8,0.42,850,5:05:10
770,0.1,0.8,0.42,1900,5:05:28
771,0.1,0.8,0.42,-1500,5:06:04
772,0.1,0.8,0.42,-1900,5:06:43
773,0.1,0.8,0.42,-1550,5:07:26
774,0.1,0.8,0.41,-450,5:07:33
775,0.1,0.8,0.41,400,5:07:59
776,0.1,0.8,0.41,-800,5:08:32
777,0.1,0.8,0.41,-1250,5:08:48
778,0.1,0.8,0.41,4400,5:09:25
779,0.1,0.8,0.41,-1050,5:09:34
780,0.1,0.8,0.41,-1300,5:10:17
781,0.1,0.8,0.41,500,5:10:24
782,0.1,0.8,0.41,950,5:11:06
783,0.1,0.8,0.41,4050,5:11:48
784,0.1,0.8,0.41,500,5:11:59
785,0.1,0.8,0.41,600,5:12:41
786,0.1,0.8,0.41,1050,5:13:23
787,0.1,0.8,0.41,-1400,5:14:06
788,0.1,0.8,0.41,-250,5:14:21
789,0.1,0.8,0.41,-4650,5:15:01
790,0.1,0.8,0.41,-150,5:15:13
791,0.1,0.8,0.41,900,5:15:55
792,0.1,0.8,0.41,-3500,5:16:22
793,0.1,0.8,0.41,4300,5:17:03
794,0.1,0.8,0.41,1350,5:17:22
795,0.1,0.8,0.41,6150,5:18:03
796,0.1,0.8,0.41,900,5:18:42
797,0.1,0.8,0.41,1250,5:19:05
798,0.1,0.8,0.41,2100,5:19:24
799,0.1,0.8,0.4,2900,5:19:58
800,0.1,0.8,0.4,-750,5:20:08
801,0.1,0.8,0.4,1500,5:20:39
802,0.1,0.8,0.4,-3700,5:21:22
803,0.1,0.8,0.4,-450,5:21:28
804,0.1,0.8,0.4,-350,5:21:35
805,0.1,0.8,0.4,2800,5:21:58
806,0.1,0.8,0.4,-2750,5:22:17
807,0.1,0.8,0.4,950,5:22:26
808,0.1,0.8,0.4,-9400,5:23:08
809,0.1,0.8,0.4,-1150,5:23:22
810,0.1,0.8,0.4,-2300,5:23:34
811,0.1,0.8,0.4,2650,5:23:56
812,0.1,0.8,0.4,750,5:24:03
813,0.1,0.8,0.4,700,5:24:11
814,0.1,0.8,0.4,3000,5:24:54
815,0.1,0.8,0.4,3950,5:25:25
816,0.1,0.8,0.4,400,5:25:31
817,0.1,0.8,0.4,700,5:26:13
818,0.1,0.8,0.4,-4150,5:26:54
819,0.1,0.8,0.4,150,5:27:02
820,0.1,0.8,0.4,-50,5:27:11
821,0.1,0.8,0.4,4350,5:27:49
822,0.1,0.8,0.4,2000,5:28:08
823,0.1,0.8,0.4,-7750,5:28:50
824,0.1,0.8,0.39,4600,5:29:32
825,0.1,0.8,0.39,-3850,5:30:14
826,0.1,0.8,0.39,-3650,5:30:39
827,0.1,0.8,0.39,-1300,5:31:20
828,0.1,0.8,0.39,-3450,5:32:02
829,0.1,0.8,0.39,-2050,5:32:44
830,0.1,0.8,0.39,1100,5:32:53
831,0.1,0.8,0.39,3050,5:33:35
832,0.1,0.8,0.39,-3100,5:34:11
833,0.1,0.8,0.39,-1600,5:34:51
834,0.1,0.8,0.39,250,5:34:56
835,0.1,0.8,0.39,0,5:35:19
836,0.1,0.8,0.39,150,5:35:26
837,0.1,0.8,0.39,2700,5:36:08
838,0.1,0.8,0.39,450,5:36:33
839,0.1,0.8,0.39,50,5:36:41
840,0.1,0.8,0.39,2000,5:37:04
841,0.1,0.8,0.39,-1550,5:37:11
842,0.1,0.8,0.39,4100,5:37:49
843,0.1,0.8,0.39,100,5:37:57
844,0.1,0.8,0.39,1200,5:38:12
845,0.1,0.8,0.39,700,5:38:29
846,0.1,0.8,0.39,-3550,5:39:08
847,0.1,0.8,0.39,1500,5:39:50
848,0.1,0.8,0.39,150,5:40:32
849,0.1,0.8,0.38,3000,5:41:09
850,0.1,0.8,0.38,-10250,5:41:51
851,0.1,0.8,0.38,1100,5:41:59
852,0.1,0.8,0.38,-950,5:42:15
853,0.1,0.8,0.38,50,5:42:25
854,0.1,0.8,0.38,2200,5:43:07
855,0.1,0.8,0.38,5700,5:43:49
856,0.1,0.8,0.38,3400,5:44:30
857,0.1,0.8,0.38,400,5:44:51
858,0.1,0.8,0.38,-3050,5:45:19
859,0.1,0.8,0.38,-11350,5:46:01
860,0.1,0.8,0.38,-1350,5:46:08
861,0.1,0.8,0.38,-9000,5:46:49
862,0.1,0.8,0.38,3050,5:47:31
863,0.1,0.8,0.38,-1400,5:47:43
864,0.1,0.8,0.38,-350,5:47:50
865,0.1,0.8,0.38,3750,5:48:32
866,0.1,0.8,0.38,-2300,5:48:51
867,0.1,0.8,0.38,750,5:49:18
868,0.1,0.8,0.38,-50,5:49:29
869,0.1,0.8,0.38,-3150,5:49:59
870,0.1,0.8,0.38,2950,5:50:41
871,0.1,0.8,0.38,2400,5:51:23
872,0.1,0.8,0.38,1300,5:52:04
873,0.1,0.8,0.38,3100,5:52:39
874,0.1,0.8,0.38,200,5:52:44
875,0.1,0.8,0.38,500,5:52:54
876,0.1,0.8,0.37,-3900,5:53:36
877,0.1,0.8,0.37,100,5:53:43
878,0.1,0.8,0.37,-650,5:53:52
879,0.1,0.8,0.37,-4200,5:54:34
880,0.1,0.8,0.37,-350,5:54:42
881,0.1,0.8,0.37,-2050,5:55:12
882,0.1,0.8,0.37,1800,5:55:36
883,0.1,0.8,0.37,3800,5:56:17
884,0.1,0.8,0.37,1350,5:56:34
885,0.1,0.8,0.37,800,5:56:49
886,0.1,0.8,0.37,1050,5:57:30
887,0.1,0.8,0.37,6050,5:58:12
888,0.1,0.8,0.37,-1400,5:58:23
889,0.1,0.8,0.37,600,5:58:41
890,0.1,0.8,0.37,-2300,5:59:24
891,0.1,0.8,0.37,4000,6:00:06
892,0.1,0.8,0.37,4500,6:00:47
893,0.1,0.8,0.37,950,6:01:02
894,0.1,0.8,0.37,-5150,6:01:44
895,0.1,0.8,0.37,3550,6:02:04
896,0.1,0.8,0.37,-700,6:02:09
897,0.1,0.8,0.37,2000,6:02:22
898,0.1,0.8,0.37,2750,6:03:04
899,0.1,0.8,0.37,5450,6:03:41
900,0.1,0.8,0.37,3200,6:04:05
901,0.1,0.8,0.37,-8450,6:04:44
902,0.1,0.8,0.37,300,6:04:57
903,0.1,0.8,0.36,-500,6:05:09
904,0.1,0.8,0.36,200,6:05:19
905,0.1,0.8,0.36,-1200,6:05:50
906,0.1,0.8,0.36,4400,6:06:31
907,0.1,0.8,0.36,-4950,6:07:12
908,0.1,0.8,0.36,1050,6:07:50
909,0.1,0.8,0.36,400,6:08:02
910,0.1,0.8,0.36,-2250,6:08:27
911,0.1,0.8,0.36,-3400,6:09:08
912,0.1,0.8,0.36,-300,6:09:17
913,0.1,0.8,0.36,2400,6:09:44
914,0.1,0.8,0.36,3100,6:10:26
915,0.1,0.8,0.36,1150,6:10:54
916,0.1,0.8,0.36,5150,6:11:35
917,0.1,0.8,0.36,2600,6:11:54
918,0.1,0.8,0.36,2700,6:12:35
919,0.1,0.8,0.36,-400,6:12:43
920,0.1,0.8,0.36,250,6:12:56
921,0.1,0.8,0.36,-3950,6:13:38
922,0.1,0.8,0.36,450,6:13:55
923,0.1,0.8,0.36,1750,6:14:08
924,0.1,0.8,0.36,1350,6:14:27
925,0.1,0.8,0.36,-3450,6:15:09
926,0.1,0.8,0.36,-4400,6:15:34
927,0.1,0.8,0.36,-1650,6:15:56
928,0.1,0.8,0.36,-450,6:16:13
929,0.1,0.8,0.36,-500,6:16:19
930,0.1,0.8,0.35,450,6:16:27
931,0.1,0.8,0.35,100,6:16:31
932,0.1,0.8,0.35,3650,6:17:10
933,0.1,0.8,0.35,100,6:17:14
934,0.1,0.8,0.35,-6400,6:17:56
935,0.1,0.8,0.35,0,6:18:15
936,0.1,0.8,0.35,-2100,6:18:36
937,0.1,0.8,0.35,900,6:18:59
938,0.1,0.8,0.35,-8250,6:19:41
939,0.1,0.8,0.35,-650,6:19:45
940,0.1,0.8,0.35,2250,6:20:28
941,0.1,0.8,0.35,-300,6:20:44
942,0.1,0.8,0.35,-350,6:21:13
943,0.1,0.8,0.35,7400,6:21:55
944,0.1,0.8,0.35,250,6:22:04
945,0.1,0.8,0.35,4600,6:22:46
946,0.1,0.8,0.35,950,6:23:00
947,0.1,0.8,0.35,200,6:23:04
948,0.1,0.8,0.35,-700,6:23:28
949,0.1,0.8,0.35,-1050,6:23:45
950,0.1,0.8,0.35,400,6:23:50
951,0.1,0.8,0.35,-7450,6:24:31
952,0.1,0.8,0.35,-1900,6:24:52
953,0.1,0.8,0.35,800,6:25:02
954,0.1,0.8,0.35,-650,6:25:17
955,0.1,0.8,0.35,1250,6:25:40
956,0.1,0.8,0.35,4800,6:26:21
957,0.1,0.8,0.35,1100,6:26:45
958,0.1,0.8,0.35,2900,6:27:25
959,0.1,0.8,0.34,600,6:27:38
960,0.1,0.8,0.34,-550,6:27:48
961,0.1,0.8,0.34,450,6:27:57
962,0.1,0.8,0.34,-4500,6:28:38
963,0.1,0.8,0.34,2900,6:29:06
964,0.1,0.8,0.34,1800,6:29:35
965,0.1,0.8,0.34,2400,6:30:17
966,0.1,0.8,0.34,-2950,6:30:58
967,0.1,0.8,0.34,-900,6:31:42
968,0.1,0.8,0.34,3200,6:32:26
969,0.1,0.8,0.34,3900,6:33:09
970,0.1,0.8,0.34,-1200,6:33:35
971,0.1,0.8,0.34,350,6:33:42
972,0.1,0.8,0.34,-150,6:33:50
973,0.1,0.8,0.34,6000,6:34:32
974,0.1,0.8,0.34,-2700,6:35:14
975,0.1,0.8,0.34,-1650,6:35:38
976,0.1,0.8,0.34,-350,6:35:56
977,0.1,0.8,0.34,-2250,6:36:24
978,0.1,0.8,0.34,6050,6:37:06
979,0.1,0.8,0.34,3050,6:37:41
980,0.1,0.8,0.34,-6000,6:38:23
981,0.1,0.8,0.34,-1050,6:39:05
982,0.1,0.8,0.34,-6150,6:39:42
983,0.1,0.8,0.34,2250,6:39:59
984,0.1,0.8,0.34,-1300,6:40:11
985,0.1,0.8,0.34,-3400,6:40:41
986,0.1,0.8,0.34,-1000,6:40:58
987,0.1,0.8,0.34,850,6:41:25
988,0.1,0.8,0.33,-1450,6:41:42
989,0.1,0.8,0.33,-250,6:42:06
990,0.1,0.8,0.33,-4650,6:42:34
991,0.1,0.8,0.33,-1100,6:42:55
992,0.1,0.8,0.33,-4650,6:43:24
993,0.1,0.8,0.33,-2050,6:43:36
994,0.1,0.8,0.33,-100,6:43:42
995,0.1,0.8,0.33,-650,6:43:52
996,0.1,0.8,0.33,1700,6:44:11
997,0.1,0.8,0.33,1050,6:44:33
998,0.1,0.8,0.33,-1250,6:45:09
999,0.1,0.8,0.33,400,6:45:18
1000,0.1,0.8,0.33,700,6:45:26
1001,0.1,0.8,0.33,-1900,6:46:08
