Episode#,Alpha,Beta,Epsilon,Reward,Time
1,0.1,0.8,0.9,1800,0:00:13
2,0.1,0.8,0.9,2100,0:00:47
3,0.1,0.8,0.9,-1000,0:00:55
4,0.1,0.8,0.9,550,0:01:01
5,0.1,0.8,0.9,-450,0:01:07
6,0.1,0.8,0.89,1000,0:01:17
7,0.1,0.8,0.89,1900,0:01:46
8,0.1,0.8,0.89,-1300,0:02:13
9,0.1,0.8,0.89,2700,0:02:32
10,0.1,0.8,0.89,950,0:02:47
11,0.1,0.8,0.89,-350,0:02:52
12,0.1,0.8,0.89,-5750,0:03:19
13,0.1,0.8,0.89,2500,0:04:01
14,0.1,0.8,0.89,750,0:04:17
15,0.1,0.8,0.89,-550,0:04:22
16,0.1,0.8,0.89,2600,0:04:48
17,0.1,0.8,0.88,-800,0:05:31
18,0.1,0.8,0.88,-7600,0:06:13
19,0.1,0.8,0.88,4100,0:06:55
20,0.1,0.8,0.88,6300,0:07:37
21,0.1,0.8,0.88,-1950,0:08:00
22,0.1,0.8,0.88,-2750,0:08:42
23,0.1,0.8,0.88,-1050,0:09:17
24,0.1,0.8,0.88,850,0:09:29
25,0.1,0.8,0.88,-800,0:09:55
26,0.1,0.8,0.88,-1050,0:09:58
27,0.1,0.8,0.88,1050,0:10:17
28,0.1,0.8,0.88,2650,0:10:40
29,0.1,0.8,0.87,350,0:10:46
30,0.1,0.8,0.87,1650,0:11:11
31,0.1,0.8,0.87,2750,0:11:52
32,0.1,0.8,0.87,600,0:12:07
33,0.1,0.8,0.87,2500,0:12:35
34,0.1,0.8,0.87,150,0:12:47
35,0.1,0.8,0.87,0,0:12:56
36,0.1,0.8,0.87,350,0:13:09
37,0.1,0.8,0.87,-600,0:13:51
38,0.1,0.8,0.87,6200,0:14:33
39,0.1,0.8,0.87,3700,0:15:14
40,0.1,0.8,0.86,-800,0:15:57
41,0.1,0.8,0.86,1550,0:16:12
42,0.1,0.8,0.86,-150,0:16:18
43,0.1,0.8,0.86,-1350,0:16:48
44,0.1,0.8,0.86,4000,0:17:30
45,0.1,0.8,0.86,50,0:17:50
46,0.1,0.8,0.86,750,0:18:06
47,0.1,0.8,0.86,300,0:18:13
48,0.1,0.8,0.86,3000,0:18:55
49,0.1,0.8,0.86,5200,0:19:36
50,0.1,0.8,0.86,2600,0:20:09
51,0.1,0.8,0.86,1250,0:20:27
52,0.1,0.8,0.85,1950,0:20:42
53,0.1,0.8,0.85,-8400,0:21:24
54,0.1,0.8,0.85,3650,0:22:06
55,0.1,0.8,0.85,350,0:22:15
56,0.1,0.8,0.85,5550,0:22:55
57,0.1,0.8,0.85,-6200,0:23:35
58,0.1,0.8,0.85,2350,0:23:51
59,0.1,0.8,0.85,550,0:24:06
60,0.1,0.8,0.85,-1400,0:24:22
61,0.1,0.8,0.85,-200,0:24:41
62,0.1,0.8,0.85,0,0:24:52
63,0.1,0.8,0.85,2550,0:25:20
64,0.1,0.8,0.84,2350,0:25:37
65,0.1,0.8,0.84,1050,0:25:59
66,0.1,0.8,0.84,3750,0:26:42
67,0.1,0.8,0.84,4350,0:27:25
68,0.1,0.8,0.84,-600,0:27:28
69,0.1,0.8,0.84,350,0:27:38
70,0.1,0.8,0.84,-600,0:27:43
71,0.1,0.8,0.84,-50,0:27:49
72,0.1,0.8,0.84,-300,0:27:58
73,0.1,0.8,0.84,2350,0:28:40
74,0.1,0.8,0.84,-2100,0:29:23
75,0.1,0.8,0.83,-950,0:29:48
76,0.1,0.8,0.83,4400,0:30:30
77,0.1,0.8,0.83,-6400,0:31:12
78,0.1,0.8,0.83,4850,0:31:49
79,0.1,0.8,0.83,-6350,0:32:31
80,0.1,0.8,0.83,3800,0:33:12
81,0.1,0.8,0.83,1250,0:33:32
82,0.1,0.8,0.83,900,0:33:43
83,0.1,0.8,0.83,1700,0:34:00
84,0.1,0.8,0.83,100,0:34:20
85,0.1,0.8,0.83,4550,0:35:03
86,0.1,0.8,0.83,2350,0:35:45
87,0.1,0.8,0.82,-5550,0:36:28
88,0.1,0.8,0.82,2350,0:37:11
89,0.1,0.8,0.82,2350,0:37:31
90,0.1,0.8,0.82,-1950,0:38:10
91,0.1,0.8,0.82,-7050,0:38:52
92,0.1,0.8,0.82,2550,0:39:19
93,0.1,0.8,0.82,300,0:39:48
94,0.1,0.8,0.82,750,0:40:00
95,0.1,0.8,0.82,-450,0:40:11
96,0.1,0.8,0.82,1800,0:40:53
97,0.1,0.8,0.82,-4800,0:41:29
98,0.1,0.8,0.82,3450,0:41:53
99,0.1,0.8,0.82,-700,0:41:57
100,0.1,0.8,0.81,3400,0:42:27
101,0.1,0.8,0.81,1950,0:42:46
102,0.1,0.8,0.81,-1450,0:42:59
103,0.1,0.8,0.81,2700,0:43:25
104,0.1,0.8,0.81,1450,0:43:45
105,0.1,0.8,0.81,2100,0:44:08
106,0.1,0.8,0.81,4100,0:44:38
107,0.1,0.8,0.81,450,0:44:46
108,0.1,0.8,0.81,850,0:45:28
109,0.1,0.8,0.81,-1750,0:45:47
110,0.1,0.8,0.81,-1100,0:45:49
111,0.1,0.8,0.81,2200,0:46:06
112,0.1,0.8,0.8,200,0:46:16
113,0.1,0.8,0.8,-1150,0:46:20
114,0.1,0.8,0.8,-850,0:46:27
115,0.1,0.8,0.8,2900,0:47:09
116,0.1,0.8,0.8,450,0:47:21
117,0.1,0.8,0.8,-9500,0:48:03
118,0.1,0.8,0.8,-450,0:48:13
119,0.1,0.8,0.8,-300,0:48:54
120,0.1,0.8,0.8,200,0:49:05
121,0.1,0.8,0.8,2700,0:49:43
122,0.1,0.8,0.8,-2450,0:50:11
123,0.1,0.8,0.8,-700,0:50:29
124,0.1,0.8,0.79,3400,0:51:10
125,0.1,0.8,0.79,-750,0:51:33
126,0.1,0.8,0.79,400,0:51:46
127,0.1,0.8,0.79,1700,0:52:00
128,0.1,0.8,0.79,-1450,0:52:32
129,0.1,0.8,0.79,-550,0:53:13
130,0.1,0.8,0.79,-400,0:53:17
131,0.1,0.8,0.79,-50,0:53:25
132,0.1,0.8,0.79,-2750,0:53:46
133,0.1,0.8,0.79,1850,0:54:08
134,0.1,0.8,0.79,1850,0:54:21
135,0.1,0.8,0.79,250,0:54:28
136,0.1,0.8,0.79,-7950,0:55:10
137,0.1,0.8,0.78,3950,0:55:52
138,0.1,0.8,0.78,1650,0:56:06
139,0.1,0.8,0.78,2100,0:56:47
140,0.1,0.8,0.78,2550,0:57:25
141,0.1,0.8,0.78,0,0:57:35
142,0.1,0.8,0.78,-8850,0:58:11
143,0.1,0.8,0.78,3100,0:58:42
144,0.1,0.8,0.78,-2650,0:59:23
145,0.1,0.8,0.78,-500,0:59:30
146,0.1,0.8,0.78,-550,0:59:38
147,0.1,0.8,0.78,2700,1:00:19
148,0.1,0.8,0.78,500,1:00:32
149,0.1,0.8,0.78,800,1:01:14
150,0.1,0.8,0.77,200,1:01:23
151,0.1,0.8,0.77,2100,1:01:35
152,0.1,0.8,0.77,450,1:01:42
153,0.1,0.8,0.77,1500,1:01:54
154,0.1,0.8,0.77,300,1:02:17
155,0.1,0.8,0.77,4400,1:02:49
156,0.1,0.8,0.77,-5300,1:03:31
157,0.1,0.8,0.77,-300,1:03:37
158,0.1,0.8,0.77,-600,1:04:19
159,0.1,0.8,0.77,-2900,1:04:39
160,0.1,0.8,0.77,-7150,1:05:05
161,0.1,0.8,0.77,-3000,1:05:47
162,0.1,0.8,0.77,4150,1:06:29
163,0.1,0.8,0.76,4150,1:07:10
164,0.1,0.8,0.76,700,1:07:27
165,0.1,0.8,0.76,-3850,1:07:49
166,0.1,0.8,0.76,400,1:07:58
167,0.1,0.8,0.76,2400,1:08:40
168,0.1,0.8,0.76,-250,1:09:21
169,0.1,0.8,0.76,250,1:09:51
170,0.1,0.8,0.76,500,1:10:01
171,0.1,0.8,0.76,3850,1:10:43
172,0.1,0.8,0.76,-7900,1:11:21
173,0.1,0.8,0.76,600,1:11:38
174,0.1,0.8,0.76,4650,1:12:17
175,0.1,0.8,0.76,0,1:12:39
176,0.1,0.8,0.75,-1350,1:13:21
177,0.1,0.8,0.75,3250,1:14:01
178,0.1,0.8,0.75,5900,1:14:43
179,0.1,0.8,0.75,1850,1:14:59
180,0.1,0.8,0.75,-7800,1:15:42
181,0.1,0.8,0.75,1750,1:16:05
182,0.1,0.8,0.75,-9900,1:16:47
183,0.1,0.8,0.75,-750,1:16:51
184,0.1,0.8,0.75,-900,1:17:33
185,0.1,0.8,0.75,2250,1:18:15
186,0.1,0.8,0.75,-750,1:18:24
187,0.1,0.8,0.75,50,1:18:30
188,0.1,0.8,0.75,4100,1:19:12
189,0.1,0.8,0.74,4350,1:19:54
190,0.1,0.8,0.74,2750,1:20:30
191,0.1,0.8,0.74,-3950,1:21:09
192,0.1,0.8,0.74,100,1:21:18
193,0.1,0.8,0.74,0,1:21:50
194,0.1,0.8,0.74,-800,1:21:54
195,0.1,0.8,0.74,2500,1:22:16
196,0.1,0.8,0.74,1300,1:22:32
197,0.1,0.8,0.74,1150,1:22:44
198,0.1,0.8,0.74,600,1:22:56
199,0.1,0.8,0.74,6650,1:23:37
200,0.1,0.8,0.74,-800,1:23:43
201,0.1,0.8,0.74,-6100,1:24:16
202,0.1,0.8,0.74,1350,1:24:31
203,0.1,0.8,0.73,-600,1:24:36
204,0.1,0.8,0.73,6100,1:25:18
205,0.1,0.8,0.73,-150,1:25:22
206,0.1,0.8,0.73,1600,1:25:49
207,0.1,0.8,0.73,3550,1:26:25
208,0.1,0.8,0.73,-5350,1:27:06
209,0.1,0.8,0.73,300,1:27:16
210,0.1,0.8,0.73,-450,1:27:24
211,0.1,0.8,0.73,-400,1:27:53
212,0.1,0.8,0.73,-3250,1:28:19
213,0.1,0.8,0.73,-9900,1:29:01
214,0.1,0.8,0.73,400,1:29:17
215,0.1,0.8,0.73,700,1:29:39
216,0.1,0.8,0.73,1300,1:30:08
217,0.1,0.8,0.72,5500,1:30:50
218,0.1,0.8,0.72,1550,1:31:08
219,0.1,0.8,0.72,3500,1:31:45
220,0.1,0.8,0.72,-550,1:31:53
221,0.1,0.8,0.72,-500,1:32:02
222,0.1,0.8,0.72,-100,1:32:20
223,0.1,0.8,0.72,950,1:32:40
224,0.1,0.8,0.72,-9150,1:33:17
225,0.1,0.8,0.72,850,1:33:32
226,0.1,0.8,0.72,-2300,1:34:14
227,0.1,0.8,0.72,900,1:34:24
228,0.1,0.8,0.72,-600,1:34:39
229,0.1,0.8,0.72,2750,1:35:15
230,0.1,0.8,0.71,-400,1:35:45
231,0.1,0.8,0.71,1800,1:36:00
232,0.1,0.8,0.71,1650,1:36:16
233,0.1,0.8,0.71,-11700,1:36:58
234,0.1,0.8,0.71,-200,1:37:07
235,0.1,0.8,0.71,1450,1:37:21
236,0.1,0.8,0.71,-600,1:37:32
237,0.1,0.8,0.71,100,1:37:39
238,0.1,0.8,0.71,1800,1:38:18
239,0.1,0.8,0.71,-650,1:38:33
240,0.1,0.8,0.71,4250,1:39:15
241,0.1,0.8,0.71,600,1:39:56
242,0.1,0.8,0.71,850,1:40:10
243,0.1,0.8,0.71,400,1:40:16
244,0.1,0.8,0.71,-600,1:40:25
245,0.1,0.8,0.7,1750,1:40:51
246,0.1,0.8,0.7,-3950,1:41:33
247,0.1,0.8,0.7,2450,1:41:57
248,0.1,0.8,0.7,1350,1:42:27
249,0.1,0.8,0.7,-50,1:42:40
250,0.1,0.8,0.7,-1500,1:43:04
251,0.1,0.8,0.7,1200,1:43:47
252,0.1,0.8,0.7,1500,1:44:01
253,0.1,0.8,0.7,-5900,1:44:43
254,0.1,0.8,0.7,1950,1:45:03
255,0.1,0.8,0.7,5500,1:45:45
256,0.1,0.8,0.7,-5950,1:46:28
257,0.1,0.8,0.7,350,1:46:45
258,0.1,0.8,0.7,2800,1:47:27
259,0.1,0.8,0.69,700,1:47:35
260,0.1,0.8,0.69,-6300,1:48:18
261,0.1,0.8,0.69,1500,1:49:00
262,0.1,0.8,0.69,2300,1:49:32
263,0.1,0.8,0.69,3800,1:50:14
264,0.1,0.8,0.69,450,1:50:56
265,0.1,0.8,0.69,1650,1:51:39
266,0.1,0.8,0.69,-850,1:52:22
267,0.1,0.8,0.69,4150,1:53:05
268,0.1,0.8,0.69,1250,1:53:47
269,0.1,0.8,0.69,-700,1:53:54
270,0.1,0.8,0.69,4300,1:54:36
271,0.1,0.8,0.69,3050,1:55:18
272,0.1,0.8,0.69,2550,1:55:40
273,0.1,0.8,0.68,2400,1:56:19
274,0.1,0.8,0.68,-1000,1:56:48
275,0.1,0.8,0.68,100,1:56:59
276,0.1,0.8,0.68,150,1:57:08
277,0.1,0.8,0.68,1100,1:57:22
278,0.1,0.8,0.68,1250,1:57:33
279,0.1,0.8,0.68,-300,1:57:40
280,0.1,0.8,0.68,600,1:58:12
281,0.1,0.8,0.68,4050,1:58:47
282,0.1,0.8,0.68,-2400,1:59:30
283,0.1,0.8,0.68,-100,1:59:50
284,0.1,0.8,0.68,1050,2:00:02
285,0.1,0.8,0.68,600,2:00:14
286,0.1,0.8,0.68,-300,2:00:32
287,0.1,0.8,0.68,-200,2:00:43
288,0.1,0.8,0.67,3650,2:01:25
289,0.1,0.8,0.67,2550,2:01:56
290,0.1,0.8,0.67,3150,2:02:38
291,0.1,0.8,0.67,1400,2:02:55
292,0.1,0.8,0.67,2700,2:03:12
293,0.1,0.8,0.67,1250,2:03:37
294,0.1,0.8,0.67,-200,2:03:49
295,0.1,0.8,0.67,1200,2:04:05
296,0.1,0.8,0.67,4650,2:04:33
297,0.1,0.8,0.67,2000,2:05:03
298,0.1,0.8,0.67,-5150,2:05:46
299,0.1,0.8,0.67,5950,2:06:28
300,0.1,0.8,0.67,350,2:06:35
301,0.1,0.8,0.67,-3650,2:07:17
302,0.1,0.8,0.67,2500,2:07:59
303,0.1,0.8,0.66,-3500,2:08:25
304,0.1,0.8,0.66,5050,2:09:01
305,0.1,0.8,0.66,100,2:09:21
306,0.1,0.8,0.66,-5100,2:10:04
307,0.1,0.8,0.66,950,2:10:16
308,0.1,0.8,0.66,5050,2:10:58
309,0.1,0.8,0.66,-7100,2:11:41
310,0.1,0.8,0.66,3800,2:12:09
311,0.1,0.8,0.66,3200,2:12:39
312,0.1,0.8,0.66,950,2:13:05
313,0.1,0.8,0.66,2700,2:13:47
314,0.1,0.8,0.66,6950,2:14:29
315,0.1,0.8,0.66,2000,2:15:07
316,0.1,0.8,0.66,-250,2:15:20
317,0.1,0.8,0.66,-300,2:15:28
318,0.1,0.8,0.65,-450,2:15:44
319,0.1,0.8,0.65,500,2:16:00
320,0.1,0.8,0.65,-600,2:16:07
321,0.1,0.8,0.65,-1450,2:16:11
322,0.1,0.8,0.65,1450,2:16:28
323,0.1,0.8,0.65,50,2:16:51
324,0.1,0.8,0.65,6100,2:17:33
325,0.1,0.8,0.65,-4600,2:18:05
326,0.1,0.8,0.65,-1300,2:18:47
327,0.1,0.8,0.65,2050,2:19:11
328,0.1,0.8,0.65,-4600,2:19:39
329,0.1,0.8,0.65,2750,2:20:05
330,0.1,0.8,0.65,6050,2:20:48
331,0.1,0.8,0.65,2300,2:21:06
332,0.1,0.8,0.65,5000,2:21:49
333,0.1,0.8,0.64,3200,2:22:31
334,0.1,0.8,0.64,5050,2:23:14
335,0.1,0.8,0.64,3350,2:23:56
336,0.1,0.8,0.64,-3750,2:24:21
337,0.1,0.8,0.64,2700,2:24:46
338,0.1,0.8,0.64,-750,2:25:11
339,0.1,0.8,0.64,250,2:25:26
340,0.1,0.8,0.64,-3200,2:26:08
341,0.1,0.8,0.64,2100,2:26:51
342,0.1,0.8,0.64,-6100,2:27:33
343,0.1,0.8,0.64,2950,2:28:15
344,0.1,0.8,0.64,-2550,2:28:58
345,0.1,0.8,0.64,-4500,2:29:40
346,0.1,0.8,0.64,-800,2:30:09
347,0.1,0.8,0.64,1800,2:30:34
348,0.1,0.8,0.64,4500,2:31:10
349,0.1,0.8,0.63,1300,2:31:35
350,0.1,0.8,0.63,5200,2:32:18
351,0.1,0.8,0.63,1250,2:32:28
352,0.1,0.8,0.63,1900,2:32:51
353,0.1,0.8,0.63,-2750,2:33:34
354,0.1,0.8,0.63,2150,2:34:15
355,0.1,0.8,0.63,4600,2:34:57
356,0.1,0.8,0.63,3700,2:35:40
357,0.1,0.8,0.63,3050,2:36:17
358,0.1,0.8,0.63,-7400,2:37:00
359,0.1,0.8,0.63,-200,2:37:13
360,0.1,0.8,0.63,-3700,2:37:53
361,0.1,0.8,0.63,-100,2:38:10
362,0.1,0.8,0.63,3900,2:38:53
363,0.1,0.8,0.63,1900,2:39:18
364,0.1,0.8,0.63,3100,2:40:00
365,0.1,0.8,0.62,-6500,2:40:42
366,0.1,0.8,0.62,600,2:40:50
367,0.1,0.8,0.62,4950,2:41:32
368,0.1,0.8,0.62,-850,2:42:15
369,0.1,0.8,0.62,5850,2:42:57
370,0.1,0.8,0.62,550,2:43:17
371,0.1,0.8,0.62,-9250,2:44:00
372,0.1,0.8,0.62,800,2:44:38
373,0.1,0.8,0.62,-1250,2:44:43
374,0.1,0.8,0.62,2500,2:44:59
375,0.1,0.8,0.62,-4450,2:45:41
376,0.1,0.8,0.62,-350,2:45:48
377,0.1,0.8,0.62,-1250,2:46:11
378,0.1,0.8,0.62,-1000,2:46:17
379,0.1,0.8,0.62,-2700,2:46:45
380,0.1,0.8,0.62,2100,2:47:27
381,0.1,0.8,0.61,650,2:47:38
382,0.1,0.8,0.61,1300,2:47:57
383,0.1,0.8,0.61,2000,2:48:39
384,0.1,0.8,0.61,-6800,2:49:21
385,0.1,0.8,0.61,2200,2:49:57
386,0.1,0.8,0.61,1800,2:50:21
387,0.1,0.8,0.61,0,2:50:25
388,0.1,0.8,0.61,150,2:50:50
389,0.1,0.8,0.61,850,2:50:59
390,0.1,0.8,0.61,-2800,2:51:41
391,0.1,0.8,0.61,-400,2:51:46
392,0.1,0.8,0.61,-700,2:51:53
393,0.1,0.8,0.61,-9350,2:52:35
394,0.1,0.8,0.61,-5100,2:53:15
395,0.1,0.8,0.61,750,2:53:44
396,0.1,0.8,0.61,300,2:53:50
397,0.1,0.8,0.6,-850,2:54:09
398,0.1,0.8,0.6,-1300,2:54:28
399,0.1,0.8,0.6,1600,2:54:41
400,0.1,0.8,0.6,-3650,2:55:22
401,0.1,0.8,0.6,-6800,2:55:54
402,0.1,0.8,0.6,3800,2:56:35
403,0.1,0.8,0.6,50,2:57:17
404,0.1,0.8,0.6,-1450,2:57:42
405,0.1,0.8,0.6,2700,2:58:13
406,0.1,0.8,0.6,1450,2:58:36
407,0.1,0.8,0.6,650,2:58:48
408,0.1,0.8,0.6,1050,2:58:56
409,0.1,0.8,0.6,4700,2:59:38
410,0.1,0.8,0.6,850,2:59:52
411,0.1,0.8,0.6,-1900,3:00:27
412,0.1,0.8,0.6,-900,3:00:47
413,0.1,0.8,0.6,-8450,3:01:29
414,0.1,0.8,0.59,5000,3:02:11
415,0.1,0.8,0.59,-1250,3:02:53
416,0.1,0.8,0.59,1900,3:03:29
417,0.1,0.8,0.59,400,3:03:39
418,0.1,0.8,0.59,300,3:03:44
419,0.1,0.8,0.59,1800,3:04:08
420,0.1,0.8,0.59,-5000,3:04:33
421,0.1,0.8,0.59,-10300,3:05:15
422,0.1,0.8,0.59,3200,3:05:51
423,0.1,0.8,0.59,2400,3:06:15
424,0.1,0.8,0.59,4650,3:06:57
425,0.1,0.8,0.59,-3850,3:07:39
426,0.1,0.8,0.59,100,3:07:50
427,0.1,0.8,0.59,1000,3:08:23
428,0.1,0.8,0.59,1250,3:08:59
429,0.1,0.8,0.59,-300,3:09:05
430,0.1,0.8,0.59,4850,3:09:42
431,0.1,0.8,0.58,3250,3:10:25
432,0.1,0.8,0.58,-200,3:10:32
433,0.1,0.8,0.58,1050,3:10:45
434,0.1,0.8,0.58,-50,3:10:50
435,0.1,0.8,0.58,1600,3:11:04
436,0.1,0.8,0.58,-100,3:11:12
437,0.1,0.8,0.58,-50,3:11:19
438,0.1,0.8,0.58,450,3:11:25
439,0.1,0.8,0.58,-2000,3:11:51
440,0.1,0.8,0.58,1400,3:12:08
441,0.1,0.8,0.58,-1200,3:12:13
442,0.1,0.8,0.58,1750,3:12:37
443,0.1,0.8,0.58,3950,3:13:16
444,0.1,0.8,0.58,1050,3:13:50
445,0.1,0.8,0.58,-2850,3:14:33
446,0.1,0.8,0.58,950,3:14:45
447,0.1,0.8,0.58,1500,3:15:27
448,0.1,0.8,0.57,4800,3:16:09
449,0.1,0.8,0.57,750,3:16:22
450,0.1,0.8,0.57,2500,3:16:44
451,0.1,0.8,0.57,-4450,3:17:26
452,0.1,0.8,0.57,100,3:17:39
453,0.1,0.8,0.57,-9500,3:18:22
454,0.1,0.8,0.57,6400,3:19:04
455,0.1,0.8,0.57,3400,3:19:46
456,0.1,0.8,0.57,-350,3:19:53
457,0.1,0.8,0.57,5000,3:20:35
458,0.1,0.8,0.57,6000,3:21:17
459,0.1,0.8,0.57,-11800,3:21:59
460,0.1,0.8,0.57,750,3:22:10
461,0.1,0.8,0.57,-1150,3:22:15
462,0.1,0.8,0.57,1050,3:22:37
463,0.1,0.8,0.57,600,3:22:57
464,0.1,0.8,0.57,-9300,3:23:39
465,0.1,0.8,0.57,-400,3:24:17
466,0.1,0.8,0.56,4850,3:24:55
467,0.1,0.8,0.56,500,3:25:27
468,0.1,0.8,0.56,350,3:25:41
469,0.1,0.8,0.56,-8900,3:26:23
470,0.1,0.8,0.56,4200,3:27:05
471,0.1,0.8,0.56,-4450,3:27:34
472,0.1,0.8,0.56,5050,3:28:16
473,0.1,0.8,0.56,4100,3:28:57
474,0.1,0.8,0.56,2600,3:29:28
475,0.1,0.8,0.56,450,3:29:35
476,0.1,0.8,0.56,-1600,3:30:17
477,0.1,0.8,0.56,-750,3:30:22
478,0.1,0.8,0.56,2600,3:30:35
479,0.1,0.8,0.56,4550,3:31:10
480,0.1,0.8,0.56,-950,3:31:21
481,0.1,0.8,0.56,3350,3:31:45
482,0.1,0.8,0.56,100,3:32:09
483,0.1,0.8,0.56,4100,3:32:51
484,0.1,0.8,0.55,1650,3:33:09
485,0.1,0.8,0.55,1100,3:33:24
486,0.1,0.8,0.55,500,3:33:31
487,0.1,0.8,0.55,-2250,3:34:13
488,0.1,0.8,0.55,0,3:34:18
489,0.1,0.8,0.55,4700,3:35:01
490,0.1,0.8,0.55,-650,3:35:30
491,0.1,0.8,0.55,2350,3:36:13
492,0.1,0.8,0.55,3000,3:36:56
493,0.1,0.8,0.55,2900,3:37:29
494,0.1,0.8,0.55,750,3:37:40
495,0.1,0.8,0.55,3550,3:38:17
496,0.1,0.8,0.55,-1050,3:38:36
497,0.1,0.8,0.55,300,3:38:48
498,0.1,0.8,0.55,-1850,3:39:08
499,0.1,0.8,0.55,600,3:39:50
500,0.1,0.8,0.55,1150,3:40:01
501,0.1,0.8,0.55,-650,3:40:13
502,0.1,0.8,0.54,-950,3:40:20
503,0.1,0.8,0.54,3100,3:40:42
504,0.1,0.8,0.54,-750,3:41:05
505,0.1,0.8,0.54,50,3:41:23
506,0.1,0.8,0.54,5100,3:42:05
507,0.1,0.8,0.54,1000,3:42:13
508,0.1,0.8,0.54,150,3:42:21
509,0.1,0.8,0.54,-3100,3:43:03
510,0.1,0.8,0.54,-9750,3:43:41
511,0.1,0.8,0.54,-1050,3:44:23
512,0.1,0.8,0.54,400,3:44:44
513,0.1,0.8,0.54,2450,3:45:03
514,0.1,0.8,0.54,50,3:45:07
515,0.1,0.8,0.54,6300,3:45:49
516,0.1,0.8,0.54,-400,3:46:31
517,0.1,0.8,0.54,100,3:46:38
518,0.1,0.8,0.54,550,3:46:46
519,0.1,0.8,0.54,-400,3:46:56
520,0.1,0.8,0.53,850,3:47:05
521,0.1,0.8,0.53,300,3:47:17
522,0.1,0.8,0.53,-2700,3:47:58
523,0.1,0.8,0.53,2150,3:48:22
524,0.1,0.8,0.53,1000,3:48:34
525,0.1,0.8,0.53,4250,3:49:14
526,0.1,0.8,0.53,1650,3:49:31
527,0.1,0.8,0.53,-200,3:49:38
528,0.1,0.8,0.53,700,3:49:51
529,0.1,0.8,0.53,-9150,3:50:33
530,0.1,0.8,0.53,-1950,3:50:59
531,0.1,0.8,0.53,2500,3:51:34
532,0.1,0.8,0.53,-2250,3:52:16
533,0.1,0.8,0.53,1900,3:52:44
534,0.1,0.8,0.53,150,3:52:56
535,0.1,0.8,0.53,100,3:53:03
536,0.1,0.8,0.53,700,3:53:23
537,0.1,0.8,0.53,50,3:53:33
538,0.1,0.8,0.53,5800,3:54:15
539,0.1,0.8,0.52,1800,3:54:54
540,0.1,0.8,0.52,3550,3:55:36
541,0.1,0.8,0.52,1850,3:55:57
542,0.1,0.8,0.52,700,3:56:04
543,0.1,0.8,0.52,-950,3:56:13
544,0.1,0.8,0.52,-1450,3:56:38
545,0.1,0.8,0.52,-500,3:56:46
546,0.1,0.8,0.52,0,3:57:28
547,0.1,0.8,0.52,2100,3:57:53
548,0.1,0.8,0.52,1050,3:58:10
549,0.1,0.8,0.52,-50,3:58:46
550,0.1,0.8,0.52,2500,3:59:18
551,0.1,0.8,0.52,4650,4:00:00
552,0.1,0.8,0.52,1500,4:00:42
553,0.1,0.8,0.52,1850,4:01:08
554,0.1,0.8,0.52,-1650,4:01:50
555,0.1,0.8,0.52,450,4:02:32
556,0.1,0.8,0.52,2650,4:03:01
557,0.1,0.8,0.52,-2400,4:03:29
558,0.1,0.8,0.51,-200,4:03:38
559,0.1,0.8,0.51,450,4:04:09
560,0.1,0.8,0.51,-400,4:04:17
561,0.1,0.8,0.51,2250,4:04:39
562,0.1,0.8,0.51,1150,4:04:58
563,0.1,0.8,0.51,800,4:05:07
564,0.1,0.8,0.51,400,4:05:16
565,0.1,0.8,0.51,-3100,4:05:47
566,0.1,0.8,0.51,-7100,4:06:26
567,0.1,0.8,0.51,-2150,4:06:47
568,0.1,0.8,0.51,-1600,4:06:56
569,0.1,0.8,0.51,4850,4:07:35
570,0.1,0.8,0.51,250,4:07:49
571,0.1,0.8,0.51,-150,4:07:55
572,0.1,0.8,0.51,250,4:08:36
573,0.1,0.8,0.51,6400,4:09:18
574,0.1,0.8,0.51,4100,4:09:48
575,0.1,0.8,0.51,400,4:10:30
576,0.1,0.8,0.51,-1050,4:11:11
577,0.1,0.8,0.51,1700,4:11:26
578,0.1,0.8,0.5,250,4:11:49
579,0.1,0.8,0.5,2150,4:12:14
580,0.1,0.8,0.5,2100,4:12:34
581,0.1,0.8,0.5,1000,4:12:48
582,0.1,0.8,0.5,3300,4:13:29
583,0.1,0.8,0.5,-1250,4:13:44
584,0.1,0.8,0.5,1350,4:14:26
585,0.1,0.8,0.5,1600,4:14:43
586,0.1,0.8,0.5,-200,4:14:55
587,0.1,0.8,0.5,-950,4:14:59
588,0.1,0.8,0.5,250,4:15:07
589,0.1,0.8,0.5,-3450,4:15:49
590,0.1,0.8,0.5,1700,4:16:05
591,0.1,0.8,0.5,4200,4:16:47
592,0.1,0.8,0.5,7350,4:17:30
593,0.1,0.8,0.5,-1050,4:17:51
594,0.1,0.8,0.5,3300,4:18:33
595,0.1,0.8,0.5,3600,4:18:57
596,0.1,0.8,0.5,-500,4:19:02
597,0.1,0.8,0.5,100,4:19:11
598,0.1,0.8,0.49,-1500,4:19:53
599,0.1,0.8,0.49,4350,4:20:35
600,0.1,0.8,0.49,1400,4:20:47
601,0.1,0.8,0.49,2750,4:21:29
602,0.1,0.8,0.49,-1200,4:21:44
603,0.1,0.8,0.49,-6300,4:22:26
604,0.1,0.8,0.49,3300,4:23:03
605,0.1,0.8,0.49,-8400,4:23:45
606,0.1,0.8,0.49,650,4:23:55
607,0.1,0.8,0.49,700,4:24:03
608,0.1,0.8,0.49,1850,4:24:45
609,0.1,0.8,0.49,1950,4:25:16
610,0.1,0.8,0.49,-700,4:25:33
611,0.1,0.8,0.49,1300,4:25:46
612,0.1,0.8,0.49,3950,4:26:28
613,0.1,0.8,0.49,-3400,4:26:59
614,0.1,0.8,0.49,750,4:27:18
615,0.1,0.8,0.49,-3950,4:28:00
616,0.1,0.8,0.49,200,4:28:08
617,0.1,0.8,0.49,50,4:28:19
618,0.1,0.8,0.48,350,4:28:26
619,0.1,0.8,0.48,-200,4:28:59
620,0.1,0.8,0.48,2000,4:29:19
621,0.1,0.8,0.48,-1000,4:29:48
622,0.1,0.8,0.48,150,4:29:57
623,0.1,0.8,0.48,4400,4:30:39
624,0.1,0.8,0.48,550,4:30:59
625,0.1,0.8,0.48,4550,4:31:41
626,0.1,0.8,0.48,3600,4:32:23
627,0.1,0.8,0.48,450,4:33:05
628,0.1,0.8,0.48,1750,4:33:32
629,0.1,0.8,0.48,600,4:33:45
630,0.1,0.8,0.48,5100,4:34:28
631,0.1,0.8,0.48,-800,4:34:38
632,0.1,0.8,0.48,350,4:34:59
633,0.1,0.8,0.48,-500,4:35:27
634,0.1,0.8,0.48,3950,4:36:04
635,0.1,0.8,0.48,650,4:36:46
636,0.1,0.8,0.48,-5550,4:37:20
637,0.1,0.8,0.48,1950,4:37:36
638,0.1,0.8,0.48,-300,4:37:47
639,0.1,0.8,0.47,2550,4:38:13
640,0.1,0.8,0.47,-500,4:38:18
641,0.1,0.8,0.47,1300,4:38:38
642,0.1,0.8,0.47,1250,4:39:10
643,0.1,0.8,0.47,1300,4:39:28
644,0.1,0.8,0.47,1000,4:39:48
645,0.1,0.8,0.47,-150,4:40:30
646,0.1,0.8,0.47,1900,4:40:52
647,0.1,0.8,0.47,2800,4:41:25
648,0.1,0.8,0.47,-550,4:41:30
649,0.1,0.8,0.47,-3750,4:42:03
650,0.1,0.8,0.47,1450,4:42:19
651,0.1,0.8,0.47,2500,4:42:36
652,0.1,0.8,0.47,-350,4:42:48
653,0.1,0.8,0.47,2150,4:43:06
654,0.1,0.8,0.47,-1500,4:43:12
655,0.1,0.8,0.47,-900,4:43:16
656,0.1,0.8,0.47,4950,4:43:58
657,0.1,0.8,0.47,3200,4:44:38
658,0.1,0.8,0.47,-5400,4:45:20
659,0.1,0.8,0.47,-200,4:45:27
660,0.1,0.8,0.47,4150,4:46:08
661,0.1,0.8,0.46,950,4:46:20
662,0.1,0.8,0.46,-950,4:47:01
663,0.1,0.8,0.46,400,4:47:21
664,0.1,0.8,0.46,2800,4:47:45
665,0.1,0.8,0.46,0,4:47:54
666,0.1,0.8,0.46,3650,4:48:36
667,0.1,0.8,0.46,-6950,4:49:18
668,0.1,0.8,0.46,2100,4:49:51
669,0.1,0.8,0.46,5050,4:50:33
670,0.1,0.8,0.46,-6150,4:51:15
671,0.1,0.8,0.46,-2100,4:51:34
672,0.1,0.8,0.46,3600,4:52:16
673,0.1,0.8,0.46,4050,4:52:48
674,0.1,0.8,0.46,-2850,4:53:24
675,0.1,0.8,0.46,5200,4:54:06
676,0.1,0.8,0.46,1550,4:54:26
677,0.1,0.8,0.46,1800,4:54:37
678,0.1,0.8,0.46,4300,4:55:19
679,0.1,0.8,0.46,2450,4:55:51
680,0.1,0.8,0.46,-3050,4:56:33
681,0.1,0.8,0.46,1800,4:57:08
682,0.1,0.8,0.45,3950,4:57:50
683,0.1,0.8,0.45,400,4:58:02
684,0.1,0.8,0.45,3150,4:58:36
685,0.1,0.8,0.45,-2400,4:59:18
686,0.1,0.8,0.45,4400,4:59:48
687,0.1,0.8,0.45,-1400,5:00:30
688,0.1,0.8,0.45,550,5:00:42
689,0.1,0.8,0.45,-200,5:00:50
690,0.1,0.8,0.45,2200,5:01:23
691,0.1,0.8,0.45,2450,5:02:04
692,0.1,0.8,0.45,550,5:02:17
693,0.1,0.8,0.45,-2200,5:02:59
694,0.1,0.8,0.45,-550,5:03:08
695,0.1,0.8,0.45,-300,5:03:16
696,0.1,0.8,0.45,-4500,5:03:58
697,0.1,0.8,0.45,700,5:04:22
698,0.1,0.8,0.45,1400,5:04:46
699,0.1,0.8,0.45,-2200,5:05:28
700,0.1,0.8,0.45,4200,5:06:10
701,0.1,0.8,0.45,400,5:06:35
702,0.1,0.8,0.45,150,5:06:39
703,0.1,0.8,0.45,100,5:07:04
704,0.1,0.8,0.44,-50,5:07:15
705,0.1,0.8,0.44,1450,5:07:45
706,0.1,0.8,0.44,800,5:07:55
707,0.1,0.8,0.44,4850,5:08:37
708,0.1,0.8,0.44,1100,5:08:47
709,0.1,0.8,0.44,1100,5:09:29
710,0.1,0.8,0.44,150,5:09:45
711,0.1,0.8,0.44,250,5:09:58
712,0.1,0.8,0.44,-10250,5:10:40
713,0.1,0.8,0.44,3850,5:11:22
714,0.1,0.8,0.44,4350,5:12:04
715,0.1,0.8,0.44,2450,5:12:29
716,0.1,0.8,0.44,150,5:13:04
717,0.1,0.8,0.44,700,5:13:27
718,0.1,0.8,0.44,2400,5:14:00
719,0.1,0.8,0.44,-3600,5:14:20
720,0.1,0.8,0.44,0,5:14:53
721,0.1,0.8,0.44,1650,5:15:06
722,0.1,0.8,0.44,1250,5:15:27
723,0.1,0.8,0.44,1100,5:15:48
724,0.1,0.8,0.44,-2800,5:16:25
725,0.1,0.8,0.44,450,5:16:50
726,0.1,0.8,0.44,-2050,5:17:32
727,0.1,0.8,0.43,1800,5:17:50
728,0.1,0.8,0.43,-8400,5:18:32
729,0.1,0.8,0.43,3100,5:19:02
730,0.1,0.8,0.43,400,5:19:14
731,0.1,0.8,0.43,-750,5:19:19
732,0.1,0.8,0.43,-3400,5:20:00
733,0.1,0.8,0.43,400,5:20:14
734,0.1,0.8,0.43,1400,5:20:33
735,0.1,0.8,0.43,-5400,5:20:54
736,0.1,0.8,0.43,2600,5:21:35
737,0.1,0.8,0.43,-300,5:21:40
738,0.1,0.8,0.43,6000,5:22:21
739,0.1,0.8,0.43,1300,5:22:36
740,0.1,0.8,0.43,850,5:23:09
741,0.1,0.8,0.43,-1300,5:23:13
742,0.1,0.8,0.43,0,5:23:27
743,0.1,0.8,0.43,-3500,5:23:50
744,0.1,0.8,0.43,-1750,5:24:32
745,0.1,0.8,0.43,2300,5:25:13
746,0.1,0.8,0.43,-100,5:25:23
747,0.1,0.8,0.43,400,5:25:34
748,0.1,0.8,0.43,-200,5:26:16
749,0.1,0.8,0.43,-250,5:26:21
750,0.1,0.8,0.42,-4500,5:26:58
751,0.1,0.8,0.42,-750,5:27:10
752,0.1,0.8,0.42,700,5:27:19
753,0.1,0.8,0.42,2250,5:27:42
754,0.1,0.8,0.42,-5400,5:28:24
755,0.1,0.8,0.42,-3800,5:28:45
756,0.1,0.8,0.42,750,5:28:56
757,0.1,0.8,0.42,750,5:29:08
758,0.1,0.8,0.42,-750,5:29:17
759,0.1,0.8,0.42,500,5:29:31
760,0.1,0.8,0.42,700,5:30:04
761,0.1,0.8,0.42,1850,5:30:16
762,0.1,0.8,0.42,600,5:30:24
763,0.1,0.8,0.42,3500,5:30:54
764,0.1,0.8,0.42,750,5:31:29
765,0.1,0.8,0.42,1900,5:31:57
766,0.1,0.8,0.42,-600,5:32:05
767,0.1,0.8,0.42,5300,5:32:47
768,0.1,0.8,0.42,2200,5:33:28
769,0.1,0.8,0.42,350,5:33:55
770,0.1,0.8,0.42,-550,5:34:00
771,0.1,0.8,0.42,1500,5:34:17
772,0.1,0.8,0.42,-3700,5:34:59
773,0.1,0.8,0.42,-100,5:35:13
774,0.1,0.8,0.41,2800,5:35:47
775,0.1,0.8,0.41,-500,5:35:53
776,0.1,0.8,0.41,700,5:36:09
777,0.1,0.8,0.41,4700,5:36:51
778,0.1,0.8,0.41,-200,5:36:57
779,0.1,0.8,0.41,2750,5:37:14
780,0.1,0.8,0.41,1550,5:37:29
781,0.1,0.8,0.41,-7300,5:38:11
782,0.1,0.8,0.41,-3000,5:38:53
783,0.1,0.8,0.41,1000,5:39:35
784,0.1,0.8,0.41,-7400,5:40:17
785,0.1,0.8,0.41,1350,5:40:42
786,0.1,0.8,0.41,3250,5:41:08
787,0.1,0.8,0.41,700,5:41:26
788,0.1,0.8,0.41,2850,5:42:08
789,0.1,0.8,0.41,2650,5:42:26
790,0.1,0.8,0.41,5350,5:43:08
791,0.1,0.8,0.41,-850,5:43:16
792,0.1,0.8,0.41,-7650,5:43:59
793,0.1,0.8,0.41,2000,5:44:14
794,0.1,0.8,0.41,250,5:44:20
795,0.1,0.8,0.41,1050,5:45:03
796,0.1,0.8,0.41,350,5:45:20
797,0.1,0.8,0.41,3250,5:45:46
798,0.1,0.8,0.41,-10600,5:46:28
799,0.1,0.8,0.4,4500,5:47:10
800,0.1,0.8,0.4,1850,5:47:29
801,0.1,0.8,0.4,1450,5:47:48
802,0.1,0.8,0.4,4150,5:48:30
803,0.1,0.8,0.4,-450,5:48:47
804,0.1,0.8,0.4,200,5:49:28
805,0.1,0.8,0.4,1100,5:49:37
806,0.1,0.8,0.4,-1700,5:50:19
807,0.1,0.8,0.4,-650,5:50:23
808,0.1,0.8,0.4,-50,5:50:37
809,0.1,0.8,0.4,-300,5:50:52
810,0.1,0.8,0.4,3050,5:51:34
811,0.1,0.8,0.4,2200,5:52:12
812,0.1,0.8,0.4,2100,5:52:53
813,0.1,0.8,0.4,150,5:53:06
814,0.1,0.8,0.4,3550,5:53:48
815,0.1,0.8,0.4,-2350,5:54:30
816,0.1,0.8,0.4,-800,5:55:13
817,0.1,0.8,0.4,-1350,5:55:23
818,0.1,0.8,0.4,0,5:55:41
819,0.1,0.8,0.4,6300,5:56:23
820,0.1,0.8,0.4,-700,5:56:28
821,0.1,0.8,0.4,4700,5:57:00
822,0.1,0.8,0.4,-2850,5:57:41
823,0.1,0.8,0.4,6650,5:58:23
824,0.1,0.8,0.39,1700,5:58:35
825,0.1,0.8,0.39,3500,5:59:01
826,0.1,0.8,0.39,700,5:59:13
827,0.1,0.8,0.39,-2900,5:59:32
828,0.1,0.8,0.39,-2050,5:59:57
829,0.1,0.8,0.39,-1050,6:00:13
830,0.1,0.8,0.39,-1000,6:00:17
831,0.1,0.8,0.39,1300,6:00:32
832,0.1,0.8,0.39,-9750,6:01:14
833,0.1,0.8,0.39,-100,6:01:55
834,0.1,0.8,0.39,2300,6:02:10
835,0.1,0.8,0.39,4400,6:02:51
836,0.1,0.8,0.39,-3300,6:03:33
837,0.1,0.8,0.39,-250,6:03:47
838,0.1,0.8,0.39,-1250,6:03:50
839,0.1,0.8,0.39,2000,6:04:06
840,0.1,0.8,0.39,-5250,6:04:48
841,0.1,0.8,0.39,2650,6:05:24
842,0.1,0.8,0.39,550,6:05:35
843,0.1,0.8,0.39,850,6:05:54
844,0.1,0.8,0.39,2050,6:06:23
845,0.1,0.8,0.39,5050,6:07:05
846,0.1,0.8,0.39,650,6:07:16
847,0.1,0.8,0.39,3450,6:07:53
848,0.1,0.8,0.39,-1150,6:07:56
849,0.1,0.8,0.38,4250,6:08:37
850,0.1,0.8,0.38,-750,6:08:59
851,0.1,0.8,0.38,2050,6:09:34
852,0.1,0.8,0.38,-200,6:09:54
853,0.1,0.8,0.38,-9300,6:10:36
854,0.1,0.8,0.38,-300,6:10:41
855,0.1,0.8,0.38,4900,6:11:17
856,0.1,0.8,0.38,2650,6:11:43
857,0.1,0.8,0.38,650,6:11:50
858,0.1,0.8,0.38,200,6:11:55
859,0.1,0.8,0.38,800,6:12:06
860,0.1,0.8,0.38,-300,6:12:10
861,0.1,0.8,0.38,2600,6:12:28
862,0.1,0.8,0.38,-1900,6:12:40
863,0.1,0.8,0.38,-6800,6:13:22
864,0.1,0.8,0.38,2650,6:14:03
865,0.1,0.8,0.38,4200,6:14:45
866,0.1,0.8,0.38,950,6:14:59
867,0.1,0.8,0.38,150,6:15:07
868,0.1,0.8,0.38,-3800,6:15:42
869,0.1,0.8,0.38,-6550,6:16:24
870,0.1,0.8,0.38,3200,6:17:06
871,0.1,0.8,0.38,1050,6:17:18
872,0.1,0.8,0.38,-250,6:17:23
873,0.1,0.8,0.38,100,6:18:05
874,0.1,0.8,0.38,1200,6:18:24
875,0.1,0.8,0.38,950,6:18:54
876,0.1,0.8,0.37,3050,6:19:36
877,0.1,0.8,0.37,-1250,6:19:41
878,0.1,0.8,0.37,850,6:19:56
879,0.1,0.8,0.37,-5500,6:20:34
880,0.1,0.8,0.37,300,6:20:40
881,0.1,0.8,0.37,1050,6:21:22
882,0.1,0.8,0.37,650,6:21:33
883,0.1,0.8,0.37,1550,6:22:14
884,0.1,0.8,0.37,-1050,6:22:27
885,0.1,0.8,0.37,2700,6:22:48
886,0.1,0.8,0.37,4150,6:23:29
887,0.1,0.8,0.37,3350,6:24:10
888,0.1,0.8,0.37,-300,6:24:22
889,0.1,0.8,0.37,3200,6:25:00
890,0.1,0.8,0.37,1650,6:25:14
891,0.1,0.8,0.37,450,6:25:28
892,0.1,0.8,0.37,3100,6:25:50
893,0.1,0.8,0.37,-4700,6:26:30
894,0.1,0.8,0.37,3050,6:27:00
895,0.1,0.8,0.37,-950,6:27:09
896,0.1,0.8,0.37,4300,6:27:50
897,0.1,0.8,0.37,800,6:28:00
898,0.1,0.8,0.37,-700,6:28:25
899,0.1,0.8,0.37,1150,6:28:41
900,0.1,0.8,0.37,-4700,6:29:24
901,0.1,0.8,0.37,-4250,6:30:06
902,0.1,0.8,0.37,-4750,6:30:48
903,0.1,0.8,0.36,1450,6:31:16
904,0.1,0.8,0.36,1150,6:31:39
905,0.1,0.8,0.36,4100,6:32:06
906,0.1,0.8,0.36,-13350,6:32:49
907,0.1,0.8,0.36,-2050,6:33:24
908,0.1,0.8,0.36,5500,6:34:06
909,0.1,0.8,0.36,-5400,6:34:48
910,0.1,0.8,0.36,500,6:35:10
911,0.1,0.8,0.36,-800,6:35:52
912,0.1,0.8,0.36,2850,6:36:12
913,0.1,0.8,0.36,-500,6:36:25
914,0.1,0.8,0.36,450,6:36:42
915,0.1,0.8,0.36,-450,6:37:24
916,0.1,0.8,0.36,1550,6:37:38
917,0.1,0.8,0.36,200,6:37:51
918,0.1,0.8,0.36,-9450,6:38:33
919,0.1,0.8,0.36,950,6:39:14
920,0.1,0.8,0.36,3650,6:39:56
921,0.1,0.8,0.36,800,6:40:06
922,0.1,0.8,0.36,-7350,6:40:48
923,0.1,0.8,0.36,-1050,6:40:51
924,0.1,0.8,0.36,50,6:41:17
925,0.1,0.8,0.36,7100,6:41:59
926,0.1,0.8,0.36,1950,6:42:15
927,0.1,0.8,0.36,2250,6:42:57
928,0.1,0.8,0.36,-600,6:43:01
929,0.1,0.8,0.36,4800,6:43:43
930,0.1,0.8,0.35,-3650,6:44:25
931,0.1,0.8,0.35,200,6:44:34
932,0.1,0.8,0.35,-1650,6:44:47
933,0.1,0.8,0.35,-8550,6:45:29
934,0.1,0.8,0.35,-350,6:45:43
935,0.1,0.8,0.35,1850,6:46:03
936,0.1,0.8,0.35,-800,6:46:11
937,0.1,0.8,0.35,2250,6:46:42
938,0.1,0.8,0.35,1000,6:46:56
939,0.1,0.8,0.35,-2750,6:47:39
940,0.1,0.8,0.35,5600,6:48:17
941,0.1,0.8,0.35,-850,6:48:23
942,0.1,0.8,0.35,3000,6:48:52
943,0.1,0.8,0.35,-1650,6:49:35
944,0.1,0.8,0.35,1150,6:50:17
945,0.1,0.8,0.35,-5000,6:50:59
946,0.1,0.8,0.35,1050,6:51:40
947,0.1,0.8,0.35,2650,6:52:06
948,0.1,0.8,0.35,3300,6:52:39
949,0.1,0.8,0.35,-500,6:52:44
950,0.1,0.8,0.35,-4950,6:53:09
951,0.1,0.8,0.35,5150,6:53:51
952,0.1,0.8,0.35,-4450,6:54:13
953,0.1,0.8,0.35,3600,6:54:55
954,0.1,0.8,0.35,1550,6:55:16
955,0.1,0.8,0.35,-3600,6:55:50
956,0.1,0.8,0.35,3100,6:56:32
957,0.1,0.8,0.35,2450,6:57:14
958,0.1,0.8,0.35,-150,6:57:20
959,0.1,0.8,0.34,-850,6:57:39
960,0.1,0.8,0.34,250,6:58:16
961,0.1,0.8,0.34,400,6:58:24
962,0.1,0.8,0.34,5300,6:59:07
963,0.1,0.8,0.34,4700,6:59:49
964,0.1,0.8,0.34,1000,7:00:30
965,0.1,0.8,0.34,-5500,7:01:12
966,0.1,0.8,0.34,-1250,7:01:42
967,0.1,0.8,0.34,950,7:02:23
968,0.1,0.8,0.34,600,7:02:32
969,0.1,0.8,0.34,-800,7:02:43
970,0.1,0.8,0.34,3400,7:03:25
971,0.1,0.8,0.34,-150,7:03:34
972,0.1,0.8,0.34,2700,7:03:59
973,0.1,0.8,0.34,-5500,7:04:41
974,0.1,0.8,0.34,3400,7:05:24
975,0.1,0.8,0.34,1700,7:05:43
976,0.1,0.8,0.34,-8000,7:06:26
977,0.1,0.8,0.34,-50,7:06:37
978,0.1,0.8,0.34,-4800,7:07:19
979,0.1,0.8,0.34,550,7:07:25
980,0.1,0.8,0.34,1200,7:08:07
981,0.1,0.8,0.34,4250,7:08:50
982,0.1,0.8,0.34,2600,7:09:16
983,0.1,0.8,0.34,700,7:09:31
984,0.1,0.8,0.34,2300,7:10:13
985,0.1,0.8,0.34,2150,7:10:36
986,0.1,0.8,0.34,2450,7:11:02
987,0.1,0.8,0.34,650,7:11:28
988,0.1,0.8,0.33,3200,7:12:07
989,0.1,0.8,0.33,-1000,7:12:35
990,0.1,0.8,0.33,950,7:13:17
991,0.1,0.8,0.33,5150,7:14:00
992,0.1,0.8,0.33,850,7:14:17
993,0.1,0.8,0.33,-3400,7:14:57
994,0.1,0.8,0.33,5000,7:15:39
995,0.1,0.8,0.33,5450,7:16:22
996,0.1,0.8,0.33,2400,7:17:01
997,0.1,0.8,0.33,-1100,7:17:13
998,0.1,0.8,0.33,3650,7:17:48
999,0.1,0.8,0.33,1800,7:18:00
1000,0.1,0.8,0.33,2400,7:18:34
1001,0.1,0.8,0.33,150,7:18:45
